5.81,0.00,0,0,0,0
5.81,0.00,199,784,321,298
5.81,0.00,199,784,321,298
5.81,0.00,199,784,321,298
5.81,0.00,199,784,321,298
5.81,0.00,199,784,321,298
5.81,0.00,199,784,321,298
5.81,0.45,199,784,321,298
5.82,0.90,199,784,321,298
5.83,1.34,199,784,321,298
5.85,1.57,199,784,321,298
5.86,1.68,199,784,321,298
5.88,1.01,199,784,321,298
5.90,3.69,199,784,321,298
5.94,3.47,199,784,321,298
5.99,5.71,199,784,321,298
6.05,8.50,199,784,321,298
6.16,11.97,199,784,321,298
6.29,14.66,199,784,321,298
6.47,19.58,199,784,321,298
6.67,22.60,199,784,321,298
6.95,29.10,199,784,321,298
7.25,33.57,199,784,321,298
7.60,39.06,199,784,321,298
8.02,44.65,199,784,321,298
8.51,51.48,199,784,321,298
9.06,56.40,199,784,321,298
9.65,62.78,199,784,321,298
10.36,69.16,199,784,321,298
11.02,73.63,199,784,321,298
11.79,79.01,199,784,321,298
12.62,84.49,199,784,321,298
13.47,87.96,199,784,321,298
14.38,91.54,199,784,321,298
15.31,93.33,199,784,321,298
16.26,98.37,199,784,321,298
17.24,97.92,199,784,321,298
18.26,101.50,199,784,321,298
19.25,100.27,199,784,321,298
20.26,101.72,199,784,321,298
21.29,101.50,199,784,321,298
22.30,99.37,199,784,321,298
23.29,97.81,199,784,321,298
24.26,97.36,199,784,321,298
25.23,94.22,199,784,321,298
26.22,91.76,199,784,321,298
27.07,88.85,199,784,321,298
27.95,85.72,199,784,321,298
28.77,80.35,199,784,321,298
29.58,79.23,199,784,321,298
30.39,73.86,199,784,321,298
31.08,70.39,199,784,321,298
31.74,63.34,199,784,321,298
32.36,60.21,199,784,321,298
32.93,53.27,199,784,321,298
33.44,47.56,199,784,321,298
33.89,41.29,199,784,321,298
34.28,35.81,199,784,321,298
34.61,29.10,199,784,321,298
34.86,22.16,199,784,321,298
35.05,16.56,199,784,321,298
35.19,10.63,199,784,321,298
35.27,4.70,199,784,321,298
35.30,-0.67,199,784,321,298
35.27,-5.71,199,784,321,298
35.19,-10.63,199,784,321,298
35.06,-14.66,199,784,321,298
34.90,-19.02,199,784,321,298
34.69,-23.28,199,784,321,298
34.44,-26.52,199,784,321,298
34.16,-29.88,199,784,321,298
33.85,-32.34,199,784,321,298
33.52,-35.47,199,784,321,298
33.15,-38.38,199,784,321,298
32.75,-40.62,199,784,321,298
32.34,-42.08,199,784,321,298
31.91,-42.97,199,784,321,298
31.48,-45.10,199,784,321,298
31.02,-46.44,199,784,321,298
30.56,-47.34,199,784,321,298
30.08,-47.00,199,784,321,298
29.61,-47.34,199,784,321,298
29.14,-47.67,199,784,321,298
28.67,-47.78,199,784,321,298
28.19,-46.55,199,784,321,298
27.74,-45.21,199,784,321,298
27.29,-44.65,199,784,321,298
26.85,-43.64,199,784,321,298
26.42,-42.19,199,784,321,298
26.01,-40.40,199,784,321,298
25.61,-38.83,199,784,321,298
25.23,-36.82,199,784,321,298
24.88,-34.80,199,784,321,298
24.55,-32.23,199,784,321,298
24.24,-29.54,199,784,321,298
23.96,-26.19,199,784,321,298
23.71,-23.39,199,784,321,298
23.50,-19.70,199,784,321,298
23.32,-16.00,199,784,321,298
23.18,-12.65,199,784,321,298
23.07,-8.84,199,784,321,298
23.01,-5.71,199,784,321,298
22.97,-2.80,199,784,321,298
22.96,0.34,199,784,321,298
22.98,3.25,199,784,321,298
23.02,4.48,199,784,321,298
23.08,6.71,199,784,321,298
23.15,7.95,199,784,321,298
23.25,10.07,199,784,321,298
23.35,11.41,199,784,321,298
23.48,12.65,199,784,321,298
23.61,14.21,199,784,321,298
23.77,14.66,199,784,321,298
23.92,15.22,199,784,321,298
24.08,16.34,199,784,321,298
24.24,15.78,199,784,321,298
24.40,16.45,199,784,321,298
24.57,15.55,199,784,321,298
24.72,16.67,199,784,321,298
24.89,16.23,199,784,321,298
25.06,15.78,199,784,321,298
25.21,16.00,199,784,321,298
25.38,15.44,199,784,321,298
25.53,14.55,199,784,321,298
25.68,13.99,199,784,321,298
25.82,13.88,199,784,321,298
25.96,12.98,199,784,321,298
26.08,11.86,199,784,321,298
26.20,10.97,199,784,321,298
26.31,10.85,199,784,321,298
26.42,10.41,199,784,321,298
26.53,9.40,199,784,321,298
26.62,8.84,199,784,321,298
26.70,7.61,199,784,321,298
26.77,7.16,199,784,321,298
26.84,5.37,199,784,321,298
26.89,4.70,199,784,321,298
26.94,3.36,199,784,321,298
26.97,2.91,199,784,321,298
26.99,1.01,199,784,321,298
27.01,1.12,199,784,321,298
27.01,0.22,199,784,321,298
27.01,-1.57,199,784,321,298
26.99,-2.01,199,784,321,298
26.97,-1.90,199,784,321,298
26.96,-2.13,199,784,321,298
26.93,-2.91,199,784,321,298
26.90,-3.02,199,784,321,298
26.88,-2.57,199,784,321,298
26.85,-3.13,199,784,321,298
26.83,-2.91,199,784,321,298
26.79,-2.46,199,784,321,298
26.77,-2.46,199,784,321,298
26.75,-2.46,199,784,321,298
26.73,-2.24,199,784,321,298
26.71,-2.01,199,784,321,298
26.69,-1.90,199,784,321,298
26.67,-2.69,199,784,321,298
26.65,-2.24,199,784,321,298
26.62,-2.80,199,784,321,298
26.59,-3.25,199,784,321,298
26.57,-2.24,199,784,321,298
26.54,-2.57,199,784,321,298
26.52,-2.57,199,784,321,298
26.49,-2.35,199,784,321,298
26.47,-2.57,199,784,321,298
26.44,-3.02,199,784,321,298
26.42,-3.69,199,784,321,298
26.39,-3.02,199,784,321,298
26.36,-2.80,199,784,321,298
26.33,-3.13,199,784,321,298
26.29,-3.69,199,784,321,298
26.26,-3.58,199,784,321,298
26.23,-3.13,199,784,321,298
26.19,-3.02,199,784,321,298
26.17,-3.13,199,784,321,298
26.14,-2.69,199,784,321,298
26.12,-1.90,199,784,321,298
26.10,-1.23,199,784,321,298
26.08,-2.35,199,784,321,298
26.07,-1.34,199,784,321,298
26.06,-1.23,199,784,321,298
26.04,-2.01,199,784,321,298
26.02,-2.01,199,784,321,298
26.01,-1.01,199,784,321,298
26.00,-1.79,199,784,321,298
25.98,-1.12,199,784,321,298
25.98,-0.67,199,784,321,298
25.97,-0.11,199,784,321,298
25.97,-1.45,199,784,321,298
25.95,-0.90,199,784,321,298
25.95,-0.78,199,784,321,298
25.94,-0.67,199,784,321,298
25.93,-1.12,199,784,321,298
25.92,-1.23,199,784,321,298
25.90,-1.23,199,784,321,298
25.89,-1.12,199,784,321,298
25.88,-1.12,199,784,321,298
25.88,-0.22,199,784,321,298
25.88,0.11,199,784,321,298
25.88,-0.34,199,784,321,298
25.87,-0.34,199,784,321,298
25.88,0.56,199,784,321,298
25.88,0.34,199,784,321,298
25.88,-0.11,199,784,321,298
25.88,0.67,199,784,321,298
25.88,-0.56,199,784,321,298
25.88,-0.45,199,784,321,298
25.88,-0.56,199,784,321,298
25.87,-0.90,199,784,321,298
25.86,-0.67,199,784,321,298
25.85,-0.90,199,784,321,298
25.85,-0.67,199,784,321,298
25.84,-0.90,199,784,321,298
25.83,-0.11,199,784,321,298
25.83,0.11,199,784,321,298
25.84,0.34,199,784,321,298
25.84,-0.22,199,784,321,298
25.84,0.90,199,784,321,298
25.85,0.67,199,784,321,298
25.85,0.56,199,784,321,298
25.86,0.45,199,784,321,298
25.86,-0.22,199,784,321,298
25.86,-0.45,199,784,321,298
25.85,-0.45,199,784,321,298
25.84,-1.12,199,784,321,298
25.84,-0.34,199,784,321,298
25.84,0.34,199,784,321,298
25.84,-0.34,199,784,321,298
25.84,-0.67,199,784,321,298
25.83,0.22,199,784,321,298
25.83,0.11,199,784,321,298
25.83,0.22,199,784,321,298
25.84,0.22,199,784,321,298
25.84,0.45,199,784,321,298
25.84,0.45,199,784,321,298
25.85,-0.11,199,784,321,298
25.84,-0.67,199,784,321,298
25.83,-0.45,199,784,321,298
25.83,-1.12,199,784,321,298
25.81,-1.90,199,784,321,298
25.80,-1.23,199,784,321,298
25.78,-1.90,199,784,321,298
25.76,-1.45,199,784,321,298
25.74,-1.90,199,784,321,298
25.73,-1.57,199,784,321,298
25.71,-1.57,199,784,321,298
25.69,-1.34,199,784,321,298
25.67,-1.90,199,784,321,298
25.65,-1.23,199,784,321,298
25.65,-1.57,199,784,321,298
25.63,-0.78,199,784,321,298
25.63,-0.45,199,784,321,298
25.63,0.11,199,784,321,298
25.61,-0.78,199,784,321,298
25.61,0.56,199,784,321,298
25.63,1.12,199,784,321,298
25.63,0.00,199,784,321,298
25.63,0.67,199,784,321,298
25.63,0.34,199,784,321,298
25.63,-0.22,199,784,321,298
25.63,-0.22,199,784,321,298
25.63,-0.11,199,784,321,298
25.62,-1.12,199,784,321,298
25.62,-0.34,199,784,321,298
25.61,0.00,199,784,321,298
25.61,-0.45,199,784,321,298
25.61,0.00,199,784,321,298
25.61,-0.22,199,784,321,298
25.60,-0.22,199,784,321,298
25.60,-1.12,199,784,321,298
25.59,-0.45,199,784,321,298
25.59,0.22,199,784,321,298
25.58,-1.12,199,784,321,298
25.57,-1.45,199,784,321,298
25.56,-0.22,199,784,321,298
25.56,0.56,199,784,321,298
25.56,-0.11,199,784,321,298
25.56,-0.56,199,784,321,298
25.56,0.34,199,784,321,298
25.56,0.56,199,784,321,298
25.57,0.22,199,784,321,298
25.57,0.56,199,784,321,298
25.58,1.12,199,784,321,298
25.59,1.01,199,784,321,298
25.60,1.34,199,784,321,298
25.61,0.67,199,784,321,298
25.63,1.23,199,784,321,298
25.63,1.34,199,784,321,298
25.65,1.23,199,784,321,298
25.66,0.78,199,784,321,298
25.67,1.57,199,784,321,298
25.68,1.23,199,784,321,298
25.69,1.12,199,784,321,298
25.70,0.56,199,784,321,298
25.71,0.78,199,784,321,298
25.71,0.34,199,784,321,298
25.72,-0.11,199,784,321,298
25.72,-0.11,199,784,321,298
25.72,0.56,199,784,321,298
25.72,0.45,199,784,321,298
25.73,0.56,199,784,321,298
25.73,0.90,199,784,321,298
25.74,1.23,199,784,321,298
25.75,0.67,199,784,321,298
25.76,0.67,199,784,321,298
25.77,1.01,199,784,321,298
25.77,0.45,199,784,321,298
25.77,0.34,199,784,321,298
25.77,-1.01,199,784,321,298
25.76,-0.56,199,784,321,298
25.76,-0.56,199,784,321,298
25.75,-1.23,199,784,321,298
25.74,-1.23,199,784,321,298
25.73,-0.67,199,784,321,298
25.72,-1.45,199,784,321,298
25.71,-1.12,199,784,321,298
25.70,-0.67,199,784,321,298
25.69,-0.78,199,784,321,298
25.69,-0.67,199,784,321,298
25.67,-0.67,199,784,321,298
25.67,0.00,199,784,321,298
25.68,0.45,199,784,321,298
25.68,0.34,199,784,321,298
25.69,1.34,199,784,321,298
25.70,0.56,199,784,321,298
25.70,0.11,199,784,321,298
25.70,-0.22,199,784,321,298
25.70,-0.45,199,784,321,298
25.70,-0.22,199,784,321,298
25.69,-0.90,199,784,321,298
25.69,-0.90,199,784,321,298
25.68,-0.34,199,784,321,298
25.67,-2.01,199,784,321,298
25.65,-1.45,199,784,321,298
25.63,-1.12,199,784,321,298
25.63,-0.67,199,784,321,298
25.62,-0.56,199,784,321,298
25.61,-0.67,199,784,321,298
25.61,-0.22,199,784,321,298
25.61,0.90,199,784,321,298
25.62,0.34,199,784,321,298
25.62,0.34,199,784,321,298
25.63,0.67,199,784,321,298
25.64,1.12,199,784,321,298
25.65,0.22,199,784,321,298
25.65,-0.34,199,784,321,298
25.65,0.22,199,784,321,298
25.65,0.22,199,784,321,298
25.65,-0.22,199,784,321,298
25.65,-0.45,199,784,321,298
25.65,0.22,199,784,321,298
25.64,-0.22,199,784,321,298
25.64,-0.34,199,784,321,298
25.64,-0.11,199,784,321,298
25.64,-0.56,199,784,321,298
25.64,0.11,199,784,321,298
25.64,-0.22,199,784,321,298
25.64,0.22,199,784,321,298
25.64,0.45,199,784,321,298
25.65,0.34,199,784,321,298
25.65,-0.11,199,784,321,298
25.65,0.56,199,784,321,298
25.66,0.90,199,784,321,298
25.66,0.34,199,784,321,298
25.66,0.34,199,784,321,298
25.68,0.45,199,784,321,298
25.68,0.45,199,784,321,298
25.69,0.67,199,784,321,298
25.69,0.67,199,784,321,298
25.70,-0.11,199,784,321,298
25.70,-0.11,199,784,321,298
25.72,1.45,199,784,321,298
25.72,1.45,199,784,321,298
25.77,3.13,199,784,321,298
25.77,3.13,199,784,321,298
25.82,2.69,199,784,321,298
25.85,2.57,199,784,321,298
25.85,2.57,199,784,321,298
25.89,2.24,199,784,321,298
25.92,2.01,199,784,321,298
25.92,2.01,199,784,321,298
25.96,2.01,199,784,321,298
25.99,2.57,199,784,321,298
26.02,2.24,199,784,321,298
26.02,2.24,199,784,321,298
26.06,2.01,199,784,321,298
26.06,2.01,199,784,321,298
26.09,1.57,199,784,321,298
26.09,1.57,199,784,321,298
26.12,0.56,199,784,321,298
26.12,0.56,199,784,321,298
26.14,0.90,199,784,321,298
26.14,0.90,199,784,321,298
26.14,0.00,199,784,321,298
26.14,0.00,199,784,321,298
26.14,-0.90,199,784,321,298
26.14,-0.90,199,784,321,298
26.15,0.34,199,784,321,298
26.15,0.34,199,784,321,298
26.15,0.11,199,784,321,298
26.15,0.11,199,784,321,298
26.16,0.56,199,784,321,298
26.16,0.56,199,784,321,298
26.18,0.78,199,784,321,298
26.18,0.78,199,784,321,298
26.19,1.01,199,784,321,298
26.20,0.78,199,784,321,298
26.20,0.78,199,784,321,298
26.22,0.56,199,784,321,298
26.22,0.90,199,784,321,298
26.22,0.90,199,784,321,298
26.23,-0.34,199,784,321,298
26.23,-0.34,199,784,321,298
26.23,0.22,199,784,321,298
26.23,0.22,199,784,321,298
26.23,0.11,199,784,321,298
26.24,0.67,199,784,321,298
26.24,0.67,199,784,321,298
26.24,-0.11,199,784,321,298
26.25,0.56,199,784,321,298
26.25,0.56,199,784,321,298
26.28,1.57,199,784,321,298
26.28,1.57,199,784,321,298
26.30,1.23,199,784,321,298
26.30,1.23,199,784,321,298
26.33,1.57,199,784,321,298
26.33,1.57,199,784,321,298
26.35,1.34,199,784,321,298
26.35,1.34,199,784,321,298
26.36,0.45,199,784,321,298
26.36,0.34,199,784,321,298
26.37,0.34,199,784,321,298
26.37,0.34,199,784,321,298
26.37,-0.34,199,784,321,298
26.37,-0.34,199,784,321,298
26.37,-0.90,199,784,321,298
26.37,-0.90,199,784,321,298
26.35,-1.01,199,784,321,298
26.35,-1.01,199,784,321,298
26.33,-0.90,199,784,321,298
26.33,-0.90,199,784,321,298
26.30,-1.57,199,784,321,298
26.30,-1.57,199,784,321,298
26.29,-0.78,199,784,321,298
26.27,-1.90,199,784,321,298
26.25,-2.01,199,784,321,298
26.22,-1.45,199,784,321,298
26.22,-1.45,199,784,321,298
26.20,-2.35,199,784,321,298
26.18,-2.57,199,784,321,298
26.16,-1.90,199,784,321,298
26.12,-1.90,199,784,321,298
26.12,-1.90,199,784,321,298
26.10,-2.13,199,784,321,298
26.07,-2.01,199,784,321,298
26.06,-0.78,199,784,321,298
26.04,-1.57,199,784,321,298
26.03,-0.67,199,784,321,298
26.03,0.00,199,784,321,298
26.03,0.34,199,784,321,298
26.03,-0.78,199,784,321,298
26.03,0.34,199,784,321,298
26.03,0.90,199,784,321,298
26.04,0.00,199,784,321,298
26.04,0.34,199,784,321,298
26.04,0.22,199,784,321,298
26.04,-0.22,199,784,321,298
26.03,-0.90,199,784,321,298
26.02,-1.12,199,784,321,298
26.01,-0.45,199,784,321,298
26.01,0.00,199,784,321,298
26.01,-0.11,199,784,321,298
26.01,0.34,199,784,321,298
26.02,1.01,199,784,321,298
26.03,1.01,199,784,321,298
26.03,0.45,199,784,321,298
26.04,1.12,199,784,321,298
26.05,0.56,199,784,321,298
26.06,1.01,199,784,321,298
26.06,0.45,199,784,321,298
26.06,-0.22,199,784,321,298
26.06,-0.22,199,784,321,298
26.06,0.45,199,784,321,298
26.06,0.00,199,784,321,298
26.06,-0.45,199,784,321,298
26.06,0.00,199,784,321,298
26.06,-0.34,199,784,321,298
26.05,-1.57,199,784,321,298
26.04,-0.22,199,784,321,298
26.03,-0.11,199,784,321,298
26.03,-0.56,199,784,321,298
26.03,-0.34,199,784,321,298
26.02,-1.01,199,784,321,298
26.01,-1.01,199,784,321,298
26.00,-1.57,199,784,321,298
25.98,-0.78,199,784,321,298
25.97,-1.68,199,784,321,298
25.96,-0.78,199,784,321,298
25.95,-1.34,199,784,321,298
25.93,-1.45,199,784,321,298
25.92,-0.90,199,784,321,298
25.92,-0.22,199,784,321,298
25.92,-0.34,199,784,321,298
25.91,-1.12,199,784,321,298
25.90,0.00,199,784,321,298
25.90,0.67,199,784,321,298
25.91,0.22,199,784,321,298
25.91,0.67,199,784,321,298
25.92,1.57,199,784,321,298
25.93,-0.34,199,784,321,298
25.93,0.56,199,784,321,298
25.94,0.90,199,784,321,298
25.95,1.12,199,784,321,298
25.96,0.56,199,784,321,298
25.97,0.22,199,784,321,298
25.96,0.22,199,784,321,298
25.97,0.22,199,784,321,298
25.97,0.34,199,784,321,298
25.97,0.00,199,784,321,298
25.97,-0.34,199,784,321,298
25.97,-0.11,199,784,321,298
25.97,0.34,199,784,321,298
25.97,-0.45,199,784,321,298
25.96,-0.78,199,784,321,298
25.96,-0.67,199,784,321,298
25.95,-1.01,199,784,321,298
25.93,-1.45,199,784,321,298
25.92,-1.57,199,784,321,298
25.91,-1.23,199,784,321,298
25.89,-1.79,199,784,321,298
25.87,-1.90,199,784,321,298
25.85,-1.23,199,784,321,298
25.84,-2.13,199,784,321,298
25.82,-1.90,199,784,321,298
25.80,-1.90,199,784,321,298
25.78,-1.90,199,784,321,298
25.76,-1.01,199,784,321,298
25.75,-1.45,199,784,321,298
25.74,-1.45,199,784,321,298
25.72,-1.23,199,784,321,298
25.71,-0.45,199,784,321,298
25.71,-1.45,199,784,321,298
25.69,-1.12,199,784,321,298
25.68,-1.45,199,784,321,298
25.67,-0.45,199,784,321,298
25.66,-0.90,199,784,321,298
25.66,-0.90,199,784,321,298
25.65,0.34,199,784,321,298
25.66,0.34,199,784,321,298
25.66,-0.11,199,784,321,298
25.66,-0.34,199,784,321,298
25.65,-0.11,199,784,321,298
25.65,-0.90,199,784,321,298
25.64,-0.22,199,784,321,298
25.64,-1.01,199,784,321,298
25.63,-1.12,199,784,321,298
25.62,0.22,199,784,321,298
25.62,-0.78,199,784,321,298
25.61,-0.67,199,784,321,298
25.61,-0.22,199,784,321,298
25.60,-1.23,199,784,321,298
25.59,-0.78,199,784,321,298
25.58,-0.90,199,784,321,298
25.57,-0.56,199,784,321,298
25.57,-0.34,199,784,321,298
25.57,-0.11,199,784,321,298
25.57,0.45,199,784,321,298
25.57,1.23,199,784,321,298
25.58,0.67,199,784,321,298
25.59,0.90,199,784,321,298
25.59,-0.34,199,784,321,298
25.59,-0.22,199,784,321,298
25.59,0.34,199,784,321,298
25.59,-0.67,199,784,321,298
25.58,-0.78,199,784,321,298
25.58,0.00,199,784,321,298
25.58,0.67,199,784,321,298
25.59,0.22,199,784,321,298
25.59,0.34,199,784,321,298
25.59,0.00,199,784,321,298
25.59,0.11,199,784,321,298
25.59,-0.34,199,784,321,298
25.59,-0.56,199,784,321,298
25.58,-0.22,199,784,321,298
25.58,-0.11,199,784,321,298
25.58,0.00,199,784,321,298
25.58,0.34,199,784,321,298
25.59,1.01,199,784,321,298
25.60,1.01,199,784,321,298
25.60,0.45,199,784,321,298
25.61,0.45,199,784,321,298
25.61,-0.11,199,784,321,298
25.61,0.00,199,784,321,298
25.60,-0.90,199,784,321,298
25.60,-0.22,199,784,321,298
25.60,-0.11,199,784,321,298
25.60,1.01,199,784,321,298
25.61,0.56,199,784,321,298
25.61,0.45,199,784,321,298
25.62,1.45,199,784,321,298
25.64,1.45,199,784,321,298
25.65,0.78,199,784,321,298
25.65,0.56,199,784,321,298
25.67,1.90,199,784,321,298
25.68,1.12,199,784,321,298
25.70,2.01,199,784,321,298
25.72,1.34,199,784,321,298
25.73,1.57,199,784,321,298
25.75,1.90,199,784,321,298
25.76,1.01,199,784,321,298
25.77,0.56,199,784,321,298
25.78,1.12,199,784,321,298
25.79,1.23,199,784,321,298
25.80,0.45,199,784,321,298
25.80,0.56,199,784,321,298
25.81,0.22,199,784,321,298
25.80,-0.90,199,784,321,298
25.79,-1.01,199,784,321,298
25.79,-1.12,199,784,321,298
25.77,-0.90,199,784,321,298
25.77,-0.90,199,784,321,298
25.75,-1.57,199,784,321,298
25.74,-0.90,199,784,321,298
25.73,-0.67,199,784,321,298
25.73,-0.67,199,784,321,298
25.72,-0.34,199,784,321,298
25.72,-0.90,199,784,321,298
25.71,-0.34,199,784,321,298
25.71,-0.45,199,784,321,298
25.70,-0.67,199,784,321,298
25.69,-0.90,199,784,321,298
25.69,0.11,199,784,321,298
25.69,0.22,199,784,321,298
25.69,-0.22,199,784,321,298
25.69,0.22,199,784,321,298
25.69,-0.34,199,784,321,298
25.69,-0.34,199,784,321,298
25.69,-0.67,199,784,321,298
25.68,-0.56,199,784,321,298
25.68,0.00,199,784,321,298
25.68,-0.67,199,784,321,298
25.67,-0.45,199,784,321,298
25.67,-0.34,199,784,321,298
25.67,0.34,199,784,321,298
25.67,-0.67,199,784,321,298
25.66,-1.01,199,784,321,298
25.65,-0.67,199,784,321,298
25.65,-0.78,199,784,321,298
25.64,-1.23,199,784,321,298
25.62,-1.68,199,784,321,298
25.61,-0.67,199,784,321,298
25.61,-1.01,199,784,321,298
25.59,-1.01,199,784,321,298
25.59,-0.67,199,784,321,298
25.58,-1.01,199,784,321,298
25.57,-0.34,199,784,321,298
25.57,0.34,199,784,321,298
25.58,-0.11,199,784,321,298
25.58,0.45,199,784,321,298
25.59,0.34,199,784,321,298
25.59,0.67,199,784,321,298
25.59,0.45,199,784,321,298
25.60,0.90,199,784,321,298
25.61,1.34,199,784,321,298
25.62,0.22,199,784,321,298
25.63,0.67,199,784,321,298
25.64,1.12,199,784,321,298
25.65,0.78,199,784,321,298
25.66,0.78,199,784,321,298
25.66,0.56,199,784,321,298
25.68,0.45,199,784,321,298
25.68,0.67,199,784,321,298
25.69,0.78,199,784,321,298
25.69,0.45,199,784,321,298
25.70,0.00,199,784,321,298
25.71,1.79,199,784,321,298
25.72,1.01,199,784,321,298
25.73,0.56,199,784,321,298
25.74,0.67,199,784,321,298
25.75,1.01,199,784,321,298
25.76,0.67,199,784,321,298
25.76,-0.11,199,784,321,298
25.77,0.45,199,784,321,298
25.78,1.23,199,784,321,298
25.78,0.34,199,784,321,298
25.79,1.12,199,784,321,298
25.80,0.22,199,784,321,298
25.80,0.45,199,784,321,298
25.81,-0.11,199,784,321,298
25.80,-0.45,199,784,321,298
25.79,-1.57,199,784,321,298
25.78,-1.12,199,784,321,298
25.77,-0.34,199,784,321,298
25.77,-0.56,199,784,321,298
25.76,-0.45,199,784,321,298
25.77,0.45,199,784,321,298
25.76,-1.57,199,784,321,298
25.75,-0.90,199,784,321,298
25.74,-1.01,199,784,321,298
25.73,-0.78,199,784,321,298
25.74,1.01,199,784,321,298
25.74,0.78,199,784,321,298
25.76,1.45,199,784,321,298
25.78,2.13,199,784,321,298
25.80,2.24,199,784,321,298
25.82,2.24,199,784,321,298
25.85,2.13,199,784,321,298
25.87,2.35,199,784,321,298
25.90,2.24,199,784,321,298
25.92,2.35,199,784,321,298
25.95,2.91,199,784,321,298
25.98,2.91,199,784,321,298
26.00,2.24,199,784,321,298
26.03,3.02,199,784,321,298
26.06,3.25,199,784,321,298
26.09,3.25,199,784,321,298
26.12,2.46,199,784,321,298
26.15,3.25,199,784,321,298
26.18,2.57,199,784,321,298
26.20,2.35,199,784,321,298
26.23,1.68,199,784,321,298
26.24,0.90,199,784,321,298
26.26,1.23,199,784,321,298
26.27,1.79,199,784,321,298
26.29,1.68,199,784,321,298
26.31,1.68,199,784,321,298
26.33,1.90,199,784,321,298
26.35,2.57,199,784,321,298
26.37,2.01,199,784,321,298
26.40,2.46,199,784,321,298
26.42,3.02,199,784,321,298
26.45,2.35,199,784,321,298
26.48,1.90,199,784,321,298
26.49,1.12,199,784,321,298
26.51,0.56,199,784,321,298
26.51,-0.67,199,784,321,298
26.50,-0.78,199,784,321,298
26.49,-1.68,199,784,321,298
26.47,-2.57,199,784,321,298
26.44,-2.46,199,784,321,298
26.42,-1.68,199,784,321,298
26.41,-2.13,199,784,321,298
26.39,-1.79,199,784,321,298
26.37,-2.13,199,784,321,298
26.35,-2.24,199,784,321,298
26.33,-2.35,199,784,321,298
26.31,-2.46,199,784,321,298
26.28,-2.80,199,784,321,298
26.26,-2.13,199,784,321,298
26.24,-1.12,199,784,321,298
26.22,-1.68,199,784,321,298
26.21,-1.90,199,784,321,298
26.19,-1.45,199,784,321,298
26.18,-1.34,199,784,321,298
26.17,-1.23,199,784,321,298
26.16,-1.01,199,784,321,298
26.15,-1.01,199,784,321,298
26.14,-1.01,199,784,321,298
26.13,-0.34,199,784,321,298
26.14,0.34,199,784,321,298
26.14,0.45,199,784,321,298
26.14,-0.11,199,784,321,298
26.14,-0.11,199,784,321,298
26.14,0.11,199,784,321,298
26.14,-0.67,199,784,321,298
26.13,-1.23,199,784,321,298
26.12,-0.67,199,784,321,298
26.11,-0.78,199,784,321,298
26.10,-1.57,199,784,321,298
26.09,-0.90,199,784,321,298
26.08,-1.01,199,784,321,298
26.08,-0.11,199,784,321,298
26.07,-1.68,199,784,321,298
26.06,0.00,199,784,321,298
26.06,-0.22,199,784,321,298
26.06,-1.12,199,784,321,298
26.05,-0.56,199,784,321,298
26.04,-0.22,199,784,321,298
26.04,-1.12,199,784,321,298
26.03,-1.90,199,784,321,298
26.01,-1.12,199,784,321,298
26.00,-1.23,199,784,321,298
25.98,-1.57,199,784,321,298
25.98,-0.45,199,784,321,298
25.98,0.00,199,784,321,298
25.98,-0.11,199,784,321,298
25.98,-0.34,199,784,321,298
25.97,0.22,199,784,321,298
25.98,0.78,199,784,321,298
25.98,0.34,199,784,321,298
25.99,0.45,199,784,321,298
25.99,0.00,199,784,321,298
25.98,-0.78,199,784,321,298
25.98,-1.12,199,784,321,298
25.97,-0.78,199,784,321,298
25.96,-1.45,199,784,321,298
25.94,-1.57,199,784,321,298
25.93,-1.68,199,784,321,298
25.91,-1.23,199,784,321,298
25.89,-2.35,199,784,321,298
25.88,-1.12,199,784,321,298
25.87,-1.45,199,784,321,298
25.85,-1.57,199,784,321,298
25.83,-1.79,199,784,321,298
25.81,-1.79,199,784,321,298
25.79,-2.13,199,784,321,298
25.77,-2.13,199,784,321,298
25.75,-2.80,199,784,321,298
25.73,-2.35,199,784,321,298
25.71,-1.57,199,784,321,298
25.69,-2.24,199,784,321,298
25.66,-1.79,199,784,321,298
25.65,-1.79,199,784,321,298
25.63,-1.90,199,784,321,298
25.61,-0.90,199,784,321,298
25.60,-1.12,199,784,321,298
25.59,-1.12,199,784,321,298
25.58,-0.67,199,784,321,298
25.57,-1.34,199,784,321,298
25.56,-1.45,199,784,321,298
25.55,-0.90,199,784,321,298
25.54,-1.12,199,784,321,298
25.53,-0.67,199,784,321,298
25.52,-0.11,199,784,321,298
25.52,0.34,199,784,321,298
25.53,0.78,199,784,321,298
25.54,0.56,199,784,321,298
25.55,0.56,199,784,321,298
25.55,1.01,199,784,321,298
25.56,1.01,199,784,321,298
25.57,0.90,199,784,321,298
25.58,1.12,199,784,321,298
25.59,1.12,199,784,321,298
25.60,0.00,199,784,321,298
25.60,0.90,199,784,321,298
25.61,0.78,199,784,321,298
25.61,-0.45,199,784,321,298
25.61,-0.11,199,784,321,298
25.60,-0.22,199,784,321,298
25.60,-0.45,199,784,321,298
25.59,-0.45,199,784,321,298
25.59,-0.34,199,784,321,298
25.59,-0.11,199,784,321,298
25.59,-0.22,199,784,321,298
25.58,-0.11,199,784,321,298
25.58,-0.45,199,784,321,298
25.58,0.11,199,784,321,298
25.58,0.45,199,784,321,298
25.58,-0.22,199,784,321,298
25.58,-0.56,199,784,321,298
25.58,0.00,199,784,321,298
25.57,-0.22,199,784,321,298
25.57,-0.56,199,784,321,298
25.57,0.22,199,784,321,298
25.57,0.45,199,784,321,298
25.58,0.78,199,784,321,298
25.59,0.45,199,784,321,298
25.60,1.23,199,784,321,298
25.61,1.34,199,784,321,298
25.62,0.90,199,784,321,298
25.63,0.90,199,784,321,298
25.64,1.23,199,784,321,298
25.65,1.79,199,784,321,298
25.67,1.12,199,784,321,298
25.67,0.45,199,784,321,298
25.68,1.23,199,784,321,298
25.69,0.00,199,784,321,298
25.68,-0.45,199,784,321,298
25.68,0.00,199,784,321,298
25.69,0.45,199,784,321,298
25.69,-0.22,199,784,321,298
25.69,-0.22,199,784,321,298
25.69,0.45,199,784,321,298
25.69,0.45,199,784,321,298
25.69,-0.22,199,784,321,298
25.69,-0.22,199,784,321,298
25.68,-0.45,199,784,321,298
25.68,-0.45,199,784,321,298
25.67,-0.34,199,784,321,298
25.67,-0.34,199,784,321,298
25.66,-0.67,199,784,321,298
25.66,-0.67,199,784,321,298
25.65,0.34,199,784,321,298
25.65,0.00,199,784,321,298
25.65,-0.34,199,784,321,298
25.65,0.11,199,784,321,298
25.65,0.11,199,784,321,298
25.63,-1.01,199,784,321,298
25.63,-1.01,199,784,321,298
25.62,-0.22,199,784,321,298
25.62,-0.22,199,784,321,298
25.61,-0.34,199,784,321,298
25.61,-0.34,199,784,321,298
25.60,-0.11,199,784,321,298
25.59,-0.78,199,784,321,298
25.59,-0.78,199,784,321,298
25.58,-0.34,199,784,321,298
25.58,-0.34,199,784,321,298
25.56,-1.23,199,784,321,298
25.56,-1.23,199,784,321,298
25.54,-1.01,199,784,321,298
25.54,-1.01,199,784,321,298
25.50,-1.34,199,784,321,298
25.50,-1.34,199,784,321,298
25.48,-1.01,199,784,321,298
25.48,-1.01,199,784,321,298
25.47,-0.45,199,784,321,298
25.46,-1.23,199,784,321,298
25.46,-0.22,199,784,321,298
25.46,-0.22,199,784,321,298
25.44,-1.23,199,784,321,298
25.44,-1.23,199,784,321,298
25.43,-0.22,199,784,321,298
25.43,-0.22,199,784,321,298
25.44,0.22,199,784,321,298
25.44,0.22,199,784,321,298
25.45,1.12,199,784,321,298
25.47,1.12,199,784,321,298
25.47,1.12,199,784,321,298
25.48,1.34,199,784,321,298
25.51,1.45,199,784,321,298
25.51,1.45,199,784,321,298
25.53,1.12,199,784,321,298
25.53,1.12,199,784,321,298
25.56,1.01,199,784,321,298
25.56,1.01,199,784,321,298
25.58,0.90,199,784,321,298
25.58,0.90,199,784,321,298
25.59,-0.11,199,784,321,298
25.59,-0.11,199,784,321,298
25.58,-1.01,199,784,321,298
25.58,-1.01,199,784,321,298
25.57,-0.34,199,784,321,298
25.57,-0.34,199,784,321,298
25.56,-0.67,199,784,321,298
25.56,-0.67,199,784,321,298
25.56,0.56,199,784,321,298
25.56,0.56,199,784,321,298
25.56,0.45,199,784,321,298
25.56,0.45,199,784,321,298
25.57,0.56,199,784,321,298
25.57,0.56,199,784,321,298
25.59,1.68,199,784,321,298
25.59,1.68,199,784,321,298
25.61,0.56,199,784,321,298
25.61,0.56,199,784,321,298
25.62,0.67,199,784,321,298
25.62,0.67,199,784,321,298
25.63,0.45,199,784,321,298
25.63,0.45,199,784,321,298
25.65,0.90,199,784,321,298
25.65,0.90,199,784,321,298
25.66,0.90,199,784,321,298
25.67,1.23,199,784,321,298
25.70,0.90,199,784,321,298
25.70,0.90,199,784,321,298
25.71,0.45,199,784,321,298
25.71,0.45,199,784,321,298
25.72,-0.34,199,784,321,298
25.72,-0.11,199,784,321,298
25.72,0.00,199,784,321,298
25.72,0.22,199,784,321,298
25.72,0.56,199,784,321,298
25.73,0.22,199,784,321,298
25.74,0.45,199,784,321,298
25.74,0.45,199,784,321,298
25.74,0.78,199,784,321,298
25.75,0.34,199,784,321,298
25.75,0.45,199,784,321,298
25.75,0.45,199,784,321,298
25.76,0.34,199,784,321,298
25.76,-0.22,199,784,321,298
25.76,-0.34,199,784,321,298
25.75,-0.45,199,784,321,298
25.75,-0.90,199,784,321,298
25.74,-1.01,199,784,321,298
25.73,-0.45,199,784,321,298
25.72,-0.56,199,784,321,298
25.71,-0.34,199,784,321,298
25.71,-0.34,199,784,321,298
25.70,-0.34,199,784,321,298
25.71,-0.67,199,784,321,298
25.70,-0.34,199,784,321,298
25.70,0.22,199,784,321,298
25.70,-0.22,199,784,321,298
25.70,-0.90,199,784,321,298
25.69,0.22,199,784,321,298
25.70,1.34,199,784,321,298
25.72,0.67,199,784,321,298
25.72,0.67,199,784,321,298
25.73,2.24,199,784,321,298
25.75,1.57,199,784,321,298
25.76,0.90,199,784,321,298
25.78,1.57,199,784,321,298
25.79,1.01,199,784,321,298
25.80,0.56,199,784,321,298
25.80,0.90,199,784,321,298
25.82,1.23,199,784,321,298
25.82,0.34,199,784,321,298
25.82,0.22,199,784,321,298
25.83,0.00,0,0,0,0
25.83,0.67,0,0,0,0
25.84,-0.11,0,0,0,0
25.83,-0.34,0,0,0,0
25.82,-1.79,0,0,0,0
25.80,-3.25,0,0,0,0
25.75,-5.93,0,0,0,0
25.68,-8.39,0,0,0,0
25.58,-12.09,0,0,0,0
25.44,-15.22,0,0,0,0
25.27,-19.81,0,0,0,0
25.05,-24.51,0,0,0,0
24.78,-28.87,0,0,0,0
24.46,-33.12,0,0,0,0
24.12,-38.05,0,0,0,0
23.72,-42.86,0,0,0,0
23.26,-47.67,0,0,0,0
22.77,-52.37,0,0,0,0
22.20,-55.95,0,0,0,0
21.64,-60.99,0,0,0,0
21.01,-64.68,0,0,0,0
20.32,-70.28,0,0,0,0
19.60,-74.86,0,0,0,0
18.84,-78.89,0,0,0,0
17.99,-82.47,0,0,0,0
17.17,-85.94,0,0,0,0
16.31,-88.18,0,0,0,0
15.42,-89.75,0,0,0,0
14.49,-92.66,0,0,0,0
13.54,-93.44,0,0,0,0
12.64,-94.34,0,0,0,0
11.63,-95.12,0,0,0,0
10.68,-94.00,0,0,0,0
9.80,-92.43,0,0,0,0
8.87,-92.10,0,0,0,0
7.95,-90.87,0,0,0,0
7.07,-85.72,0,0,0,0
6.21,-83.71,0,0,0,0
5.33,-81.13,0,0,0,0
4.61,-74.08,0,0,0,0
3.88,-71.51,0,0,0,0
3.15,-66.14,0,0,0,0
2.55,-60.32,0,0,0,0
1.96,-57.97,0,0,0,0
1.37,-51.48,0,0,0,0
0.91,-44.99,0,0,0,0
0.49,-40.51,0,0,0,0
0.11,-34.69,0,0,0,0
-0.21,-29.43,0,0,0,0
-0.47,-21.82,0,0,0,0
-0.67,-17.46,0,0,0,0
-0.81,-10.30,0,0,0,0
-0.89,-5.37,0,0,0,0
-0.91,1.23,0,0,0,0
-0.88,5.48,0,0,0,0
-0.80,10.52,0,0,0,0
-0.69,12.76,0,0,0,0
-0.53,17.90,0,0,0,0
-0.34,20.59,0,0,0,0
-0.11,24.06,0,0,0,0
0.14,26.86,0,0,0,0
0.42,29.54,0,0,0,0
0.72,32.23,0,0,0,0
1.06,33.01,0,0,0,0
1.40,35.03,0,0,0,0
1.75,35.81,0,0,0,0
2.11,36.71,0,0,0,0
2.48,36.82,0,0,0,0
2.85,37.49,0,0,0,0
3.22,36.82,0,0,0,0
3.58,36.15,0,0,0,0
3.94,35.25,0,0,0,0
4.29,34.36,0,0,0,0
4.62,32.45,0,0,0,0
4.94,31.22,0,0,0,0
5.24,29.10,0,0,0,0
5.52,26.52,0,0,0,0
5.77,24.84,0,0,0,0
6.00,22.16,0,0,0,0
6.21,19.70,0,0,0,0
6.40,17.68,0,0,0,0
6.56,15.11,0,0,0,0
6.70,12.65,0,0,0,0
6.82,10.85,0,0,0,0
6.91,9.06,0,0,0,0
6.99,7.39,0,0,0,0
7.06,5.71,0,0,0,0
7.11,4.25,0,0,0,0
7.14,3.13,0,0,0,0
7.17,2.46,0,0,0,0
7.19,1.79,0,0,0,0
7.20,0.45,0,0,0,0
7.20,0.34,0,0,0,0
7.18,-4.48,0,0,0,0
7.14,-3.69,0,0,0,0
7.09,-5.37,0,0,0,0
7.03,-5.93,0,0,0,0
6.96,-6.83,0,0,0,0
6.89,-7.95,0,0,0,0
6.81,-8.39,0,0,0,0
6.72,-8.62,0,0,0,0
6.64,-9.06,0,0,0,0
6.53,-9.96,0,0,0,0
6.43,-9.85,0,0,0,0
6.33,-10.41,0,0,0,0
6.22,-10.52,0,0,0,0
6.12,-10.85,0,0,0,0
6.00,-10.85,0,0,0,0
5.90,-9.51,0,0,0,0
5.82,-7.61,0,0,0,0
5.74,-6.94,0,0,0,0
5.68,-4.70,0,0,0,0
5.64,-2.91,0,0,0,0
5.62,-1.34,0,0,0,0
5.61,-0.11,0,0,0,0
5.62,1.34,0,0,0,0
5.64,2.35,0,0,0,0
5.65,2.35,0,0,0,0
5.68,2.35,0,0,0,0
5.70,2.01,0,0,0,0
5.71,1.90,0,0,0,0
5.73,1.45,0,0,0,0
5.74,0.90,0,0,0,0
5.75,0.67,0,0,0,0
5.75,0.45,0,0,0,0
5.75,-0.11,0,0,0,0
5.75,-0.22,0,0,0,0
5.75,-0.22,0,0,0,0
5.74,-0.22,0,0,0,0
5.74,-0.11,0,0,0,0
5.74,0.00,0,0,0,0
5.74,0.22,0,0,0,0
5.74,0.22,0,0,0,0
5.74,0.00,0,0,0,0
5.73,0.11,0,0,0,0
5.73,0.22,0,0,0,0
5.73,-0.34,0,0,0,0
5.73,-0.11,0,0,0,0
5.72,-0.22,0,0,0,0
5.72,-0.11,0,0,0,0
5.72,-0.11,0,0,0,0
5.72,0.22,0,0,0,0
5.72,0.22,0,0,0,0
5.72,0.22,0,0,0,0
5.72,0.00,0,0,0,0
5.72,0.00,0,0,0,0
5.72,-0.11,0,0,0,0
5.71,-0.22,0,0,0,0
5.71,0.00,0,0,0,0
5.70,-0.11,0,0,0,0
5.70,-0.22,0,0,0,0
5.69,0.11,0,0,0,0
5.69,0.22,0,0,0,0
5.69,0.22,0,0,0,0
5.68,0.22,0,0,0,0
5.68,0.22,0,0,0,0
5.68,0.00,0,0,0,0
5.67,-0.11,0,0,0,0
5.67,-0.22,0,0,0,0
5.66,0.00,0,0,0,0
5.65,-0.22,0,0,0,0
5.65,0.00,0,0,0,0
5.64,0.11,0,0,0,0
5.64,0.22,0,0,0,0
5.64,0.00,0,0,0,0
5.64,0.22,0,0,0,0
5.63,0.22,0,0,0,0
5.63,0.00,0,0,0,0
5.63,-0.11,0,0,0,0
5.62,0.00,0,0,0,0
5.62,0.22,0,0,0,0
5.62,0.22,0,0,0,0
5.61,0.00,0,0,0,0
5.61,0.11,0,0,0,0
5.61,0.11,0,0,0,0
5.61,0.11,0,0,0,0
5.60,0.00,0,0,0,0
5.60,-0.11,0,0,0,0
5.60,-0.22,0,0,0,0
5.59,-0.22,0,0,0,0
5.59,-0.11,0,0,0,0
5.58,-0.11,0,0,0,0
5.58,-0.11,0,0,0,0
5.58,0.00,0,0,0,0
5.58,0.11,0,0,0,0
5.57,0.00,0,0,0,0
5.57,0.00,0,0,0,0
5.56,0.00,0,0,0,0
5.56,0.11,0,0,0,0
5.56,0.00,0,0,0,0
5.56,0.00,0,0,0,0
5.55,-0.11,0,0,0,0
5.55,0.22,0,0,0,0
5.55,0.00,0,0,0,0
5.55,0.22,0,0,0,0
5.55,0.11,0,0,0,0
5.55,-0.11,0,0,0,0
5.55,0.00,0,0,0,0
5.54,0.11,0,0,0,0
5.54,-0.11,0,0,0,0
5.54,0.00,0,0,0,0
5.53,-0.22,0,0,0,0
5.53,0.00,0,0,0,0
5.53,0.00,0,0,0,0
5.53,0.00,0,0,0,0
5.52,0.00,0,0,0,0
5.52,0.00,0,0,0,0
5.52,-0.11,0,0,0,0
5.52,0.11,0,0,0,0
5.52,-0.11,0,0,0,0
5.51,-0.11,0,0,0,0
5.51,0.00,0,0,0,0
5.51,-0.11,0,0,0,0
5.51,0.00,0,0,0,0
5.50,0.00,0,0,0,0
5.50,0.00,0,0,0,0
5.50,-0.11,0,0,0,0
5.50,0.00,0,0,0,0
5.50,0.00,0,0,0,0
5.49,0.00,0,0,0,0
5.49,0.00,0,0,0,0
5.49,0.11,0,0,0,0
5.49,0.00,0,0,0,0
5.49,0.22,0,0,0,0
5.49,0.00,0,0,0,0
5.49,-0.11,0,0,0,0
5.48,0.00,0,0,0,0
5.48,0.00,0,0,0,0
5.48,0.11,0,0,0,0
5.47,-0.22,0,0,0,0
5.47,-0.11,0,0,0,0
5.47,0.00,0,0,0,0
5.47,0.00,0,0,0,0
5.47,0.00,0,0,0,0
5.47,0.11,0,0,0,0
5.47,0.00,0,0,0,0
5.47,0.00,0,0,0,0
5.46,0.11,0,0,0,0
5.46,0.00,0,0,0,0
5.46,0.00,0,0,0,0
5.46,0.00,0,0,0,0
5.46,-0.11,0,0,0,0
5.46,-0.11,0,0,0,0
5.45,-0.11,0,0,0,0
5.45,0.00,0,0,0,0
5.45,0.00,0,0,0,0
5.45,0.00,0,0,0,0
5.44,0.00,0,0,0,0
5.44,0.00,0,0,0,0
5.44,0.00,0,0,0,0
5.44,0.00,0,0,0,0
5.44,0.00,0,0,0,0
5.44,0.00,0,0,0,0
5.44,0.00,0,0,0,0
5.44,0.00,0,0,0,0
5.44,0.00,0,0,0,0
5.43,0.00,0,0,0,0
5.43,0.00,0,0,0,0
5.43,0.00,0,0,0,0
5.43,0.00,0,0,0,0
5.42,0.00,0,0,0,0
5.42,0.00,0,0,0,0
5.42,0.00,0,0,0,0
5.42,0.00,0,0,0,0
5.42,0.00,0,0,0,0
5.42,0.00,0,0,0,0
5.42,0.00,0,0,0,0
5.42,0.00,0,0,0,0
5.42,0.00,0,0,0,0
5.42,0.00,0,0,0,0
5.41,0.00,0,0,0,0
5.41,0.00,0,0,0,0
5.41,0.00,0,0,0,0
5.41,0.00,0,0,0,0
5.41,0.00,0,0,0,0
5.41,0.00,0,0,0,0
5.41,0.00,0,0,0,0
5.41,0.00,0,0,0,0
5.41,0.00,0,0,0,0
5.41,0.00,0,0,0,0
5.41,0.00,0,0,0,0
5.41,0.00,0,0,0,0
5.41,0.00,0,0,0,0
5.41,0.00,0,0,0,0
5.41,0.00,0,0,0,0
5.40,0.00,0,0,0,0
5.40,0.00,0,0,0,0
5.40,0.00,0,0,0,0
5.40,0.00,0,0,0,0
5.40,0.00,0,0,0,0
5.40,0.00,0,0,0,0
5.40,0.00,0,0,0,0
5.40,0.00,0,0,0,0
5.40,0.00,0,0,0,0
5.40,0.00,0,0,0,0
5.40,0.00,0,0,0,0
5.40,0.00,0,0,0,0
5.40,0.00,0,0,0,0
5.40,0.00,0,0,0,0
5.40,0.00,0,0,0,0

