1.06,-0.11,0,0,0,0
1.03,-0.11,385,644,475,893
1.03,-0.11,385,644,475,893
1.03,-0.45,385,644,475,893
1.02,-0.45,385,644,475,893
1.02,-0.45,385,644,475,893
1.03,0.11,385,644,475,893
1.03,0.11,385,644,475,893
1.03,0.90,385,644,475,893
1.05,1.79,385,644,475,893
1.05,1.79,385,644,475,893
1.08,2.35,385,644,475,893
1.14,3.25,385,644,475,893
1.14,3.25,385,644,475,893
1.25,5.71,385,644,475,893
1.25,5.71,385,644,475,893
1.45,11.53,385,644,475,893
1.45,11.53,385,644,475,893
1.57,13.76,385,644,475,893
1.74,16.67,385,644,475,893
2.11,21.60,385,644,475,893
2.11,21.60,385,644,475,893
2.33,24.40,385,644,475,893
2.60,26.86,385,644,475,893
3.19,32.56,385,644,475,893
3.19,32.56,385,644,475,893
3.89,38.05,385,644,475,893
3.89,38.05,385,644,475,893
4.74,44.31,385,644,475,893
4.74,44.31,385,644,475,893
5.17,47.45,385,644,475,893
5.70,50.69,385,644,475,893
6.19,53.71,385,644,475,893
6.73,56.40,385,644,475,893
7.93,60.09,385,644,475,893
7.93,60.09,385,644,475,893
8.61,65.69,385,644,475,893
9.29,68.26,385,644,475,893
9.95,70.16,385,644,475,893
11.37,73.30,385,644,475,893
11.37,73.30,385,644,475,893
12.17,74.64,385,644,475,893
12.87,75.31,385,644,475,893
13.65,75.98,385,644,475,893
15.15,76.99,385,644,475,893
15.15,76.99,385,644,475,893
15.96,76.88,385,644,475,893
16.69,76.32,385,644,475,893
17.45,74.98,385,644,475,893
18.20,73.19,385,644,475,893
18.90,71.06,385,644,475,893
19.66,69.38,385,644,475,893
20.30,67.48,385,644,475,893
20.99,65.91,385,644,475,893
21.65,62.89,385,644,475,893
22.23,59.87,385,644,475,893
22.82,56.18,385,644,475,893
23.37,53.71,385,644,475,893
23.89,49.80,385,644,475,893
24.37,47.11,385,644,475,893
24.82,42.52,385,644,475,893
25.24,38.72,385,644,475,893
25.59,33.46,385,644,475,893
25.93,30.21,385,644,475,893
26.20,25.51,385,644,475,893
26.45,21.71,385,644,475,893
26.64,16.56,385,644,475,893
26.78,11.75,385,644,475,893
26.87,6.27,385,644,475,893
26.92,2.69,385,644,475,893
26.92,-2.13,385,644,475,893
26.88,-6.04,385,644,475,893
26.80,-11.86,385,644,475,893
26.66,-15.55,385,644,475,893
26.47,-21.49,385,644,475,893
26.25,-24.06,385,644,475,893
25.99,-28.54,385,644,475,893
25.70,-31.67,385,644,475,893
25.36,-36.15,385,644,475,893
24.98,-39.84,385,644,475,893
24.57,-43.31,385,644,475,893
24.12,-46.11,385,644,475,893
23.64,-49.13,385,644,475,893
23.12,-52.26,385,644,475,893
22.60,-54.39,385,644,475,893
22.04,-58.41,385,644,475,893
21.42,-59.53,385,644,475,893
20.81,-62.44,385,644,475,893
20.19,-62.44,385,644,475,893
19.55,-64.46,385,644,475,893
18.93,-65.46,385,644,475,893
18.28,-66.47,385,644,475,893
17.60,-68.04,385,644,475,893
16.91,-67.81,385,644,475,893
16.25,-67.48,385,644,475,893
15.59,-66.81,385,644,475,893
14.93,-67.03,385,644,475,893
14.25,-66.36,385,644,475,893
13.57,-66.25,385,644,475,893
12.93,-63.56,385,644,475,893
12.32,-62.11,385,644,475,893
11.70,-60.43,385,644,475,893
11.11,-57.97,385,644,475,893
10.54,-56.85,385,644,475,893
9.97,-54.27,385,644,475,893
9.45,-52.26,385,644,475,893
8.93,-49.69,385,644,475,893
8.46,-47.11,385,644,475,893
8.00,-44.87,385,644,475,893
7.56,-41.85,385,644,475,893
7.15,-39.73,385,644,475,893
6.78,-35.59,385,644,475,893
6.44,-32.68,385,644,475,893
6.14,-29.10,385,644,475,893
5.85,-26.52,385,644,475,893
5.61,-23.72,385,644,475,893
5.39,-20.14,385,644,475,893
5.20,-18.02,385,644,475,893
5.04,-14.66,385,644,475,893
4.91,-11.86,385,644,475,893
4.80,-9.29,385,644,475,893
4.73,-5.37,385,644,475,893
4.69,-2.69,385,644,475,893
4.68,1.12,385,644,475,893
4.71,4.14,385,644,475,893
4.76,6.15,385,644,475,893
4.84,9.51,385,644,475,893
4.95,12.87,385,644,475,893
5.10,17.01,385,644,475,893
5.28,19.70,385,644,475,893
5.49,21.82,385,644,475,893
5.72,24.06,385,644,475,893
5.98,27.64,385,644,475,893
6.26,29.88,385,644,475,893
6.57,31.00,385,644,475,893
6.91,33.46,385,644,475,893
7.23,34.69,385,644,475,893
7.61,38.16,385,644,475,893
8.02,40.06,385,644,475,893
8.40,40.96,385,644,475,893
8.82,43.08,385,644,475,893
9.26,43.87,385,644,475,893
9.71,46.44,385,644,475,893
10.17,46.44,385,644,475,893
10.65,46.89,385,644,475,893
11.12,47.78,385,644,475,893
11.60,48.34,385,644,475,893
12.09,49.13,385,644,475,893
12.57,47.67,385,644,475,893
13.05,47.56,385,644,475,893
13.53,47.34,385,644,475,893
13.99,46.66,385,644,475,893
14.45,46.22,385,644,475,893
14.91,43.64,385,644,475,893
15.34,42.86,385,644,475,893
15.76,41.52,385,644,475,893
16.18,40.73,385,644,475,893
16.58,39.61,385,644,475,893
16.96,36.59,385,644,475,893
17.32,36.48,385,644,475,893
17.68,34.69,385,644,475,893
18.02,33.46,385,644,475,893
18.35,31.89,385,644,475,893
18.65,29.21,385,644,475,893
18.94,28.20,385,644,475,893
19.21,25.96,385,644,475,893
19.46,24.28,385,644,475,893
19.69,21.82,385,644,475,893
19.90,19.81,385,644,475,893
20.09,18.35,385,644,475,893
20.27,16.11,385,644,475,893
20.42,13.43,385,644,475,893
20.54,10.63,385,644,475,893
20.63,9.40,385,644,475,893
20.72,6.38,385,644,475,893
20.77,3.36,385,644,475,893
20.79,1.34,385,644,475,893
20.79,-1.57,385,644,475,893
20.77,-2.91,385,644,475,893
20.73,-6.15,385,644,475,893
20.66,-8.50,385,644,475,893
20.56,-10.52,385,644,475,893
20.44,-13.32,385,644,475,893
20.30,-16.00,385,644,475,893
20.13,-19.47,385,644,475,893
19.93,-20.93,385,644,475,893
19.71,-22.60,385,644,475,893
19.47,-25.85,385,644,475,893
19.21,-27.08,385,644,475,893
18.92,-29.88,385,644,475,893
18.63,-30.21,385,644,475,893
18.30,-32.34,385,644,475,893
17.99,-34.36,385,644,475,893
17.62,-34.36,385,644,475,893
17.30,-35.92,385,644,475,893
16.94,-36.37,385,644,475,893
16.57,-37.15,385,644,475,893
16.18,-38.27,385,644,475,893
15.82,-38.16,385,644,475,893
15.45,-37.26,385,644,475,893
15.07,-38.16,385,644,475,893
14.69,-38.94,385,644,475,893
14.31,-37.60,385,644,475,893
13.92,-37.82,385,644,475,893
13.56,-37.49,385,644,475,893
13.20,-36.93,385,644,475,893
12.84,-36.03,385,644,475,893
12.49,-34.13,385,644,475,893
12.15,-34.36,385,644,475,893
11.79,-33.35,385,644,475,893
11.49,-31.78,385,644,475,893
11.18,-31.00,385,644,475,893
10.88,-29.21,385,644,475,893
10.58,-28.65,385,644,475,893
10.32,-26.86,385,644,475,893
10.06,-25.18,385,644,475,893
9.81,-23.95,385,644,475,893
9.59,-21.71,385,644,475,893
9.39,-20.81,385,644,475,893
9.19,-17.46,385,644,475,893
9.03,-15.67,385,644,475,893
8.88,-14.44,385,644,475,893
8.76,-12.09,385,644,475,893
8.65,-9.74,385,644,475,893
8.57,-7.61,385,644,475,893
8.50,-6.15,385,644,475,893
8.46,-3.58,385,644,475,893
8.44,-1.23,385,644,475,893
8.44,0.67,385,644,475,893
8.46,1.90,385,644,475,893
8.48,3.13,385,644,475,893
8.53,5.48,385,644,475,893
8.59,6.60,385,644,475,893
8.67,7.72,385,644,475,893
8.76,9.40,385,644,475,893
8.86,10.97,385,644,475,893
8.98,12.87,385,644,475,893
9.12,13.43,385,644,475,893
9.26,15.11,385,644,475,893
9.43,17.01,385,644,475,893
9.60,18.24,385,644,475,893
9.79,19.47,385,644,475,893
9.99,19.81,385,644,475,893
10.21,21.93,385,644,475,893
10.43,22.60,385,644,475,893
10.67,22.94,385,644,475,893
10.90,24.40,385,644,475,893
11.15,24.95,385,644,475,893
11.40,25.96,385,644,475,893
11.67,26.07,385,644,475,893
11.93,25.85,385,644,475,893
12.19,26.41,385,644,475,893
12.45,26.97,385,644,475,893
12.74,25.74,385,644,475,893
12.97,24.95,385,644,475,893
13.24,25.96,385,644,475,893
13.48,24.95,385,644,475,893
13.74,23.61,385,644,475,893
13.96,22.94,385,644,475,893
14.20,22.72,385,644,475,893
14.42,21.82,385,644,475,893
14.64,19.70,385,644,475,893
14.83,19.70,385,644,475,893
15.02,18.02,385,644,475,893
15.19,17.23,385,644,475,893
15.36,15.89,385,644,475,893
15.51,14.32,385,644,475,893
15.65,14.44,385,644,475,893
15.79,11.97,385,644,475,893
15.90,11.41,385,644,475,893
16.01,10.18,385,644,475,893
16.11,9.74,385,644,475,893
16.19,8.28,385,644,475,893
16.27,6.71,385,644,475,893
16.34,6.83,385,644,475,893
16.40,5.04,385,644,475,893
16.45,4.59,385,644,475,893
16.48,3.02,385,644,475,893
16.51,2.35,385,644,475,893
16.53,1.23,385,644,475,893
16.54,0.11,385,644,475,893
16.54,-0.45,385,644,475,893
16.53,-1.79,385,644,475,893
16.50,-1.79,385,644,475,893
16.49,-2.91,385,644,475,893
16.45,-4.03,385,644,475,893
16.40,-5.04,385,644,475,893
16.36,-4.70,385,644,475,893
16.30,-6.15,385,644,475,893
16.23,-7.83,385,644,475,893
16.16,-7.50,385,644,475,893
16.08,-8.06,385,644,475,893
15.99,-8.84,385,644,475,893
15.89,-10.63,385,644,475,893
15.79,-10.18,385,644,475,893
15.69,-11.75,385,644,475,893
15.56,-12.53,385,644,475,893
15.42,-13.43,385,644,475,893
15.29,-14.55,385,644,475,893
15.15,-14.10,385,644,475,893
15.00,-15.67,385,644,475,893
14.83,-15.78,385,644,475,893
14.68,-16.45,385,644,475,893
14.51,-15.55,385,644,475,893
14.35,-15.78,385,644,475,893
14.20,-16.23,385,644,475,893
14.03,-15.67,385,644,475,893
13.87,-15.89,385,644,475,893
13.72,-14.77,385,644,475,893
13.57,-15.11,385,644,475,893
13.42,-15.11,385,644,475,893
13.27,-14.66,385,644,475,893
13.12,-13.09,385,644,475,893
13.00,-12.98,385,644,475,893
12.87,-12.98,385,644,475,893
12.74,-12.31,385,644,475,893
12.62,-11.19,385,644,475,893
12.52,-10.18,385,644,475,893
12.41,-11.53,385,644,475,893
12.30,-10.07,385,644,475,893
12.20,-9.62,385,644,475,893
12.10,-8.73,385,644,475,893
12.02,-8.17,385,644,475,893
11.93,-8.62,385,644,475,893
11.86,-6.04,385,644,475,893
11.80,-6.15,385,644,475,893
11.74,-4.81,385,644,475,893
11.69,-4.25,385,644,475,893
11.65,-3.47,385,644,475,893
11.62,-2.24,385,644,475,893
11.61,-0.78,385,644,475,893
11.60,0.45,385,644,475,893
11.61,0.78,385,644,475,893
11.62,2.69,385,644,475,893
11.66,3.58,385,644,475,893
11.70,5.26,385,644,475,893
11.75,6.04,385,644,475,893
11.82,6.38,385,644,475,893
11.88,7.61,385,644,475,893
11.97,9.29,385,644,475,893
12.06,9.85,385,644,475,893
12.16,9.29,385,644,475,893
12.26,11.30,385,644,475,893
12.37,11.64,385,644,475,893
12.49,12.53,385,644,475,893
12.63,12.87,385,644,475,893
12.75,12.53,385,644,475,893
12.88,14.10,385,644,475,893
13.02,13.88,385,644,475,893
13.17,14.32,385,644,475,893
13.30,14.10,385,644,475,893
13.45,13.54,385,644,475,893
13.58,14.21,385,644,475,893
13.72,13.54,385,644,475,893
13.86,13.88,385,644,475,893
13.99,13.65,385,644,475,893
14.12,12.76,385,644,475,893
14.24,12.53,385,644,475,893
14.36,11.08,385,644,475,893
14.47,10.85,385,644,475,893
14.57,9.74,385,644,475,893
14.67,9.62,385,644,475,893
14.76,9.29,385,644,475,893
14.84,7.50,385,644,475,893
14.92,7.16,385,644,475,893
14.98,6.15,385,644,475,893
15.04,6.15,385,644,475,893
15.09,4.48,385,644,475,893
15.13,3.69,385,644,475,893
15.17,3.25,385,644,475,893
15.19,3.25,385,644,475,893
15.22,2.57,385,644,475,893
15.23,0.34,385,644,475,893
15.24,0.78,385,644,475,893
15.24,-0.11,385,644,475,893
15.23,-1.12,385,644,475,893
15.21,-1.68,385,644,475,893
15.18,-4.14,385,644,475,893
15.15,-3.25,385,644,475,893
15.11,-4.25,385,644,475,893
15.06,-5.48,385,644,475,893
15.00,-5.82,385,644,475,893
14.93,-7.05,385,644,475,893
14.86,-6.27,385,644,475,893
14.79,-7.16,385,644,475,893
14.71,-8.39,385,644,475,893
14.62,-9.29,385,644,475,893
14.52,-8.73,385,644,475,893
14.44,-9.40,385,644,475,893
14.33,-10.97,385,644,475,893
14.22,-10.41,385,644,475,893
14.12,-10.74,385,644,475,893
14.00,-10.85,385,644,475,893
13.89,-10.85,385,644,475,893
13.77,-11.75,385,644,475,893
13.66,-10.85,385,644,475,893
13.54,-12.09,385,644,475,893
13.41,-11.41,385,644,475,893
13.30,-10.97,385,644,475,893
13.19,-11.53,385,644,475,893
13.07,-10.74,385,644,475,893
12.96,-11.30,385,644,475,893
12.85,-10.74,385,644,475,893
12.74,-10.18,385,644,475,893
12.63,-9.62,385,644,475,893
12.54,-9.18,385,644,475,893
12.44,-9.51,385,644,475,893
12.35,-7.72,385,644,475,893
12.27,-7.27,385,644,475,893
12.19,-6.94,385,644,475,893
12.12,-6.94,385,644,475,893
12.06,-4.92,385,644,475,893
12.01,-3.80,385,644,475,893
11.97,-4.70,385,644,475,893
11.93,-2.35,385,644,475,893
11.91,-2.01,385,644,475,893
11.89,-0.78,385,644,475,893
11.89,0.56,385,644,475,893
11.89,0.34,385,644,475,893
11.91,2.91,385,644,475,893
11.93,3.58,385,644,475,893
11.98,4.92,385,644,475,893
12.03,5.71,385,644,475,893
12.09,5.60,385,644,475,893
12.14,7.27,385,644,475,893
12.22,8.06,385,644,475,893
12.30,8.73,385,644,475,893
12.39,8.73,385,644,475,893
12.48,10.85,385,644,475,893
12.59,10.74,385,644,475,893
12.69,10.18,385,644,475,893
12.80,11.19,385,644,475,893
12.91,10.74,385,644,475,893
13.02,11.86,385,644,475,893
13.13,11.41,385,644,475,893
13.24,10.74,385,644,475,893
13.35,11.53,385,644,475,893
13.47,11.30,385,644,475,893
13.58,11.64,385,644,475,893
13.70,11.08,385,644,475,893
13.81,11.08,385,644,475,893
13.92,11.19,385,644,475,893
14.03,10.41,385,644,475,893
14.13,10.18,385,644,475,893
14.23,8.95,385,644,475,893
14.31,9.18,385,644,475,893
14.40,8.84,385,644,475,893
14.48,6.83,385,644,475,893
14.54,5.82,385,644,475,893
14.61,6.15,385,644,475,893
14.66,5.48,385,644,475,893
14.66,5.48,385,644,475,893
14.74,3.58,385,644,475,893
14.78,2.69,385,644,475,893
14.81,3.13,385,644,475,893
14.83,1.57,385,644,475,893
14.83,1.57,385,644,475,893
14.85,0.78,385,644,475,893
14.86,0.34,385,644,475,893
14.87,0.56,385,644,475,893
14.87,0.00,385,644,475,893
14.87,-0.22,385,644,475,893
14.87,0.22,385,644,475,893
14.87,-0.45,385,644,475,893
14.86,-0.56,385,644,475,893
14.85,-1.57,385,644,475,893
14.84,-1.34,385,644,475,893
14.82,-1.34,385,644,475,893
14.82,-1.34,385,644,475,893
14.77,-3.13,385,644,475,893
14.77,-3.13,385,644,475,893
14.71,-3.36,385,644,475,893
14.71,-3.36,385,644,475,893
14.63,-4.14,385,644,475,893
14.63,-4.14,385,644,475,893
14.56,-3.69,385,644,475,893
14.54,-2.57,385,644,475,893
14.54,-2.57,385,644,475,893
14.47,-4.03,385,644,475,893
14.43,-3.25,385,644,475,893
14.43,-3.25,385,644,475,893
14.36,-3.58,385,644,475,893
14.32,-4.92,385,644,475,893
14.32,-4.92,385,644,475,893
14.23,-4.03,385,644,475,893
14.23,-4.03,385,644,475,893
14.15,-3.58,385,644,475,893
14.12,-4.48,385,644,475,893
14.12,-4.48,385,644,475,893
14.05,-2.80,385,644,475,893
14.05,-2.80,385,644,475,893
13.99,-3.25,385,644,475,893
13.99,-3.25,385,644,475,893
13.92,-3.13,385,644,475,893
13.92,-3.13,385,644,475,893
13.86,-2.57,385,644,475,893
13.86,-2.57,385,644,475,893
13.80,-3.25,385,644,475,893
13.80,-3.25,385,644,475,893
13.76,-1.79,385,644,475,893
13.76,-1.79,385,644,475,893
13.72,-2.01,385,644,475,893
13.72,-2.01,385,644,475,893
13.69,-1.45,385,644,475,893
13.69,-1.45,385,644,475,893
13.68,-1.34,385,644,475,893
13.68,-1.34,385,644,475,893
13.68,-0.56,385,644,475,893
13.68,-0.56,385,644,475,893
13.69,1.01,385,644,475,893
13.69,1.01,385,644,475,893
13.72,1.45,385,644,475,893
13.72,1.45,385,644,475,893
13.76,2.35,385,644,475,893
13.76,2.35,385,644,475,893
13.78,1.68,385,644,475,893
13.84,3.36,385,644,475,893
13.84,3.36,385,644,475,893
13.88,3.58,385,644,475,893
13.96,3.02,385,644,475,893
13.96,3.02,385,644,475,893
14.05,4.25,385,644,475,893
14.05,4.25,385,644,475,893
14.14,4.14,385,644,475,893
14.14,4.14,385,644,475,893
14.22,3.47,385,644,475,893
14.22,3.47,385,644,475,893
14.27,4.48,385,644,475,893
14.36,3.02,385,644,475,893
14.36,3.02,385,644,475,893
14.43,3.36,385,644,475,893
14.43,3.36,385,644,475,893
14.46,2.24,385,644,475,893
14.48,1.79,385,644,475,893
14.51,1.90,385,644,475,893
14.56,1.57,385,644,475,893
14.56,1.57,385,644,475,893
14.57,0.22,385,644,475,893
14.58,0.67,385,644,475,893
14.60,1.12,385,644,475,893
14.61,0.34,385,644,475,893
14.64,1.12,385,644,475,893
14.64,1.12,385,644,475,893
14.67,0.90,385,644,475,893
14.67,0.90,385,644,475,893
14.70,1.23,385,644,475,893
14.70,1.23,385,644,475,893
14.73,0.67,385,644,475,893
14.73,0.67,385,644,475,893
14.75,1.45,385,644,475,893
14.77,0.00,385,644,475,893
14.77,0.22,385,644,475,893
14.78,0.11,385,644,475,893
14.79,0.22,385,644,475,893
14.80,0.00,385,644,475,893
14.80,-1.12,385,644,475,893
14.80,-0.78,385,644,475,893
14.79,-0.78,385,644,475,893
14.79,-0.90,385,644,475,893
14.79,-1.79,385,644,475,893
14.76,-2.01,385,644,475,893
14.75,-1.23,385,644,475,893
14.75,-1.57,385,644,475,893
14.74,-1.79,385,644,475,893
14.72,-2.01,385,644,475,893
14.71,-2.35,385,644,475,893
14.69,-1.34,385,644,475,893
14.68,-2.13,385,644,475,893
14.66,-2.80,385,644,475,893
14.64,-1.90,385,644,475,893
14.63,-2.24,385,644,475,893
14.61,-1.90,385,644,475,893
14.59,-2.24,385,644,475,893
14.57,-2.57,385,644,475,893
14.56,-1.12,385,644,475,893
14.56,-1.34,385,644,475,893
14.55,-1.23,385,644,475,893
14.54,-1.12,385,644,475,893
14.53,-1.90,385,644,475,893
14.51,-2.13,385,644,475,893
14.51,-2.13,385,644,475,893
14.48,-2.69,385,644,475,893
14.47,-2.24,385,644,475,893
14.44,-3.36,385,644,475,893
14.42,-2.57,385,644,475,893
14.40,-2.46,385,644,475,893
14.37,-3.02,385,644,475,893
14.33,-2.57,385,644,475,893
14.33,-2.57,385,644,475,893
14.32,-2.01,385,644,475,893
14.30,-2.57,385,644,475,893
14.28,-3.13,385,644,475,893
14.25,-2.69,385,644,475,893
14.23,-2.24,385,644,475,893
14.21,-2.57,385,644,475,893
14.18,-3.58,385,644,475,893
14.16,-2.01,385,644,475,893
14.14,-1.68,385,644,475,893
14.13,-2.35,385,644,475,893
14.11,-2.24,385,644,475,893
14.09,-3.25,385,644,475,893
14.07,-1.68,385,644,475,893
14.05,-2.13,385,644,475,893
14.03,-2.46,385,644,475,893
14.02,-1.79,385,644,475,893
14.00,-2.13,385,644,475,893
13.99,-0.90,385,644,475,893
13.98,-0.67,385,644,475,893
13.97,-1.23,385,644,475,893
13.97,-0.67,385,644,475,893
13.97,0.22,385,644,475,893
13.97,0.56,385,644,475,893
13.98,0.00,385,644,475,893
13.98,0.90,385,644,475,893
14.00,1.45,385,644,475,893
14.02,2.13,385,644,475,893
14.04,2.13,385,644,475,893
14.07,1.68,385,644,475,893
14.09,2.69,385,644,475,893
14.12,2.69,385,644,475,893
14.15,2.69,385,644,475,893
14.18,3.02,385,644,475,893
14.22,3.13,385,644,475,893
14.26,4.14,385,644,475,893
14.30,3.13,385,644,475,893
14.33,3.13,385,644,475,893
14.37,3.58,385,644,475,893
14.41,3.36,385,644,475,893
14.44,3.92,385,644,475,893
14.48,2.91,385,644,475,893
14.52,4.03,385,644,475,893
14.56,4.14,385,644,475,893
14.60,3.58,385,644,475,893
14.64,3.69,385,644,475,893
14.67,2.57,385,644,475,893
14.71,3.47,385,644,475,893
14.74,3.36,385,644,475,893
14.77,2.13,385,644,475,893
14.80,2.35,385,644,475,893
14.82,2.13,385,644,475,893
14.84,1.79,385,644,475,893
14.86,1.68,385,644,475,893
14.87,0.90,385,644,475,893
14.88,0.78,385,644,475,893
14.90,1.45,385,644,475,893
14.91,1.12,385,644,475,893
14.91,0.00,385,644,475,893
14.92,0.11,385,644,475,893
14.92,1.12,385,644,475,893
14.93,0.45,385,644,475,893
14.94,-0.45,385,644,475,893
14.93,-0.67,385,644,475,893
14.92,-0.56,385,644,475,893
14.92,-0.56,385,644,475,893
14.90,-2.13,385,644,475,893
14.89,-2.13,385,644,475,893
14.87,-1.90,385,644,475,893
14.85,-2.01,385,644,475,893
14.83,-2.69,385,644,475,893
14.79,-3.80,385,644,475,893
14.76,-3.02,385,644,475,893
14.74,-2.24,385,644,475,893
14.71,-3.13,385,644,475,893
14.69,-2.01,385,644,475,893
14.66,-2.80,385,644,475,893
14.64,-1.45,385,644,475,893
14.62,-1.79,385,644,475,893
14.60,-2.80,385,644,475,893
14.58,-1.57,385,644,475,893
14.56,-2.01,385,644,475,893
14.55,-1.45,385,644,475,893
14.53,-1.12,385,644,475,893
14.51,-2.46,385,644,475,893
14.50,-1.12,385,644,475,893
14.49,-1.57,385,644,475,893
14.47,-1.90,385,644,475,893
14.46,-1.79,385,644,475,893
14.43,-2.80,385,644,475,893
14.41,-2.57,385,644,475,893
14.39,-1.57,385,644,475,893
14.37,-2.46,385,644,475,893
14.34,-3.25,385,644,475,893
14.32,-2.80,385,644,475,893
14.29,-1.34,385,644,475,893
14.28,-2.01,385,644,475,893
14.26,-2.24,385,644,475,893
14.24,-1.57,385,644,475,893
14.23,-1.23,385,644,475,893
14.23,-0.22,385,644,475,893
14.22,-1.45,385,644,475,893
14.21,-0.56,385,644,475,893
14.21,0.00,385,644,475,893
14.21,-0.11,385,644,475,893
14.22,0.78,385,644,475,893
14.23,0.34,385,644,475,893
14.24,0.56,385,644,475,893
14.25,1.23,385,644,475,893
14.26,1.01,385,644,475,893
14.28,0.78,385,644,475,893
14.29,0.34,385,644,475,893
14.30,1.12,385,644,475,893
14.32,1.34,385,644,475,893
14.33,0.67,385,644,475,893
14.34,0.67,385,644,475,893
14.35,0.56,385,644,475,893
14.36,1.34,385,644,475,893
14.38,1.12,385,644,475,893
14.39,0.11,385,644,475,893
14.40,1.34,385,644,475,893
14.41,0.78,385,644,475,893
14.43,1.23,385,644,475,893
14.45,1.57,385,644,475,893
14.46,0.11,385,644,475,893
14.47,0.56,385,644,475,893
14.48,0.78,385,644,475,893
14.49,0.45,385,644,475,893
14.49,-0.67,385,644,475,893
14.49,-0.34,385,644,475,893
14.50,0.11,385,644,475,893
14.50,-0.22,385,644,475,893
14.50,0.11,385,644,475,893
14.51,-0.22,385,644,475,893
14.51,0.22,385,644,475,893
14.53,0.90,385,644,475,893
14.54,1.12,385,644,475,893
14.56,1.23,385,644,475,893
14.57,0.45,385,644,475,893
14.58,1.45,385,644,475,893
14.60,1.23,385,644,475,893
14.62,1.01,385,644,475,893
14.63,0.90,385,644,475,893
14.64,0.34,385,644,475,893
14.66,1.79,385,644,475,893
14.68,1.23,385,644,475,893
14.69,0.45,385,644,475,893
14.71,1.45,385,644,475,893
14.72,0.78,385,644,475,893
14.73,0.90,385,644,475,893
14.75,1.01,385,644,475,893
14.76,-0.22,385,644,475,893
14.76,0.11,385,644,475,893
14.77,0.56,385,644,475,893
14.78,1.01,385,644,475,893
14.79,-0.22,385,644,475,893
14.80,0.56,385,644,475,893
14.81,1.23,385,644,475,893
14.83,1.01,385,644,475,893
14.84,1.34,385,644,475,893
14.85,0.00,385,644,475,893
14.86,0.67,385,644,475,893
14.87,0.78,385,644,475,893
14.89,0.78,385,644,475,893
14.90,0.56,385,644,475,893
14.90,-0.45,385,644,475,893
14.91,0.78,385,644,475,893
14.92,0.22,385,644,475,893
14.93,0.11,385,644,475,893
14.93,0.11,385,644,475,893
14.94,0.00,385,644,475,893
14.95,0.67,385,644,475,893
14.95,-0.11,385,644,475,893
14.96,-0.34,385,644,475,893
14.96,-0.11,385,644,475,893
14.96,-0.11,385,644,475,893
14.98,0.90,385,644,475,893
14.98,0.11,385,644,475,893
14.99,-0.56,385,644,475,893
14.99,-0.78,385,644,475,893
14.99,0.22,385,644,475,893
14.99,-0.34,385,644,475,893
14.99,-1.23,385,644,475,893
14.99,-0.11,385,644,475,893
14.99,0.00,385,644,475,893
15.00,0.11,385,644,475,893
15.01,0.78,385,644,475,893
15.02,0.11,385,644,475,893
15.03,1.45,385,644,475,893
15.05,1.23,385,644,475,893
15.07,0.56,385,644,475,893
15.08,1.45,385,644,475,893
15.10,0.45,385,644,475,893
15.11,1.34,385,644,475,893
15.13,1.57,385,644,475,893
15.14,0.56,385,644,475,893
15.16,0.67,385,644,475,893
15.17,1.23,385,644,475,893
15.19,1.01,385,644,475,893
15.19,-0.22,385,644,475,893
15.19,-0.67,385,644,475,893
15.20,-0.11,385,644,475,893
15.20,0.00,385,644,475,893
15.20,-0.56,385,644,475,893
15.20,-1.45,385,644,475,893
15.19,-0.22,385,644,475,893
15.18,-0.90,385,644,475,893
15.17,-1.90,385,644,475,893
15.16,-1.57,385,644,475,893
15.14,-2.57,385,644,475,893
15.12,-2.24,385,644,475,893
15.11,-2.24,385,644,475,893
15.08,-3.36,385,644,475,893
15.06,-2.46,385,644,475,893
15.04,-1.90,385,644,475,893
15.02,-2.01,385,644,475,893
15.00,-2.69,385,644,475,893
14.99,-2.13,385,644,475,893
14.96,-2.57,385,644,475,893
14.94,-3.25,385,644,475,893
14.91,-3.36,385,644,475,893
14.87,-4.03,385,644,475,893
14.85,-2.46,385,644,475,893
14.82,-3.58,385,644,475,893
14.78,-4.14,385,644,475,893
14.76,-2.57,385,644,475,893
14.73,-3.25,385,644,475,893
14.71,-3.13,385,644,475,893
14.67,-3.25,385,644,475,893
14.64,-3.36,385,644,475,893
14.62,-3.02,385,644,475,893
14.59,-3.25,385,644,475,893
14.56,-3.36,385,644,475,893
14.53,-2.91,385,644,475,893
14.51,-1.79,385,644,475,893
14.50,-1.12,385,644,475,893
14.49,-1.45,385,644,475,893
14.48,-2.01,385,644,475,893
14.47,-0.90,385,644,475,893
14.46,-0.56,385,644,475,893
14.45,-2.24,385,644,475,893
14.44,-1.12,385,644,475,893
14.43,-1.79,385,644,475,893
14.43,-0.45,385,644,475,893
14.44,-0.56,385,644,475,893
14.44,-0.90,385,644,475,893
14.45,0.45,385,644,475,893
14.46,0.45,385,644,475,893
14.48,1.68,385,644,475,893
14.51,1.68,385,644,475,893
14.54,2.01,385,644,475,893
14.57,2.24,385,644,475,893
14.60,2.69,385,644,475,893
14.64,2.13,385,644,475,893
14.67,2.13,385,644,475,893
14.70,2.80,385,644,475,893
14.74,3.25,385,644,475,893
14.78,3.02,385,644,475,893
14.81,1.90,385,644,475,893
14.84,3.36,385,644,475,893
14.89,3.36,385,644,475,893
14.93,3.25,385,644,475,893
14.97,3.92,385,644,475,893
15.02,2.91,385,644,475,893
15.06,4.59,385,644,475,893
15.11,4.59,385,644,475,893
15.17,4.81,385,644,475,893
15.22,3.92,385,644,475,893
15.26,4.48,385,644,475,893
15.32,4.70,385,644,475,893
15.38,4.48,385,644,475,893
15.42,4.36,385,644,475,893
15.48,4.36,385,644,475,893
15.53,5.26,385,644,475,893
15.59,5.48,385,644,475,893
15.65,5.04,385,644,475,893
15.71,4.92,385,644,475,893
15.76,5.71,385,644,475,893
15.83,5.93,385,644,475,893
15.89,4.92,385,644,475,893
15.95,5.71,385,644,475,893
16.01,4.92,385,644,475,893
16.07,6.04,385,644,475,893
16.14,6.04,385,644,475,893
16.20,5.26,385,644,475,893
16.26,6.15,385,644,475,893
16.33,5.82,385,644,475,893
16.40,6.38,385,644,475,893
16.47,5.93,385,644,475,893
16.53,5.37,385,644,475,893
16.58,4.92,385,644,475,893
16.64,5.26,385,644,475,893
16.69,4.59,385,644,475,893
16.74,3.36,385,644,475,893
16.78,3.92,385,644,475,893
16.82,2.91,385,644,475,893
16.85,2.57,385,644,475,893
16.87,0.78,385,644,475,893
16.88,0.11,385,644,475,893
16.88,-0.11,385,644,475,893
16.88,-1.68,385,644,475,893
16.86,-2.13,385,644,475,893
16.84,-3.92,385,644,475,893
16.80,-4.14,385,644,475,893
16.76,-4.59,385,644,475,893
16.71,-6.71,385,644,475,893
16.65,-6.27,385,644,475,893
16.58,-7.61,385,644,475,893
16.51,-7.61,385,644,475,893
16.44,-8.06,385,644,475,893
16.35,-9.51,385,644,475,893
16.26,-9.96,385,644,475,893
16.17,-9.29,385,644,475,893
16.08,-9.85,385,644,475,893
15.98,-10.74,385,644,475,893
15.88,-10.30,385,644,475,893
15.78,-9.96,385,644,475,893
15.69,-10.18,385,644,475,893
15.58,-10.63,385,644,475,893
15.48,-10.74,385,644,475,893
15.39,-9.29,385,644,475,893
15.29,-9.85,385,644,475,893
15.20,-10.41,385,644,475,893
15.10,-10.41,385,644,475,893
15.00,-10.52,385,644,475,893
14.90,-10.30,385,644,475,893
14.79,-11.75,385,644,475,893
14.68,-10.97,385,644,475,893
14.57,-10.63,385,644,475,893
14.47,-10.74,385,644,475,893
14.37,-9.85,385,644,475,893
14.28,-11.30,385,644,475,893
14.18,-9.62,385,644,475,893
14.08,-9.40,385,644,475,893
13.99,-9.51,385,644,475,893
13.91,-8.06,385,644,475,893
13.83,-8.28,385,644,475,893
13.76,-7.16,385,644,475,893
13.69,-6.04,385,644,475,893
13.64,-6.04,385,644,475,893
13.59,-5.82,385,644,475,893
13.53,-4.14,385,644,475,893
13.50,-3.36,385,644,475,893
13.47,-3.36,385,644,475,893
13.45,-2.24,385,644,475,893
13.44,-1.12,385,644,475,893
13.44,0.00,385,644,475,893
13.44,0.11,385,644,475,893
13.44,0.67,385,644,475,893
13.46,2.46,385,644,475,893
13.49,2.35,385,644,475,893
13.52,3.58,385,644,475,893
13.56,3.58,385,644,475,893
13.60,3.92,385,644,475,893
13.65,5.71,385,644,475,893
13.71,5.93,385,644,475,893
13.77,6.83,385,644,475,893
13.85,7.95,385,644,475,893
13.94,8.73,385,644,475,893
14.03,9.96,385,644,475,893
14.13,9.74,385,644,475,893
14.24,10.63,385,644,475,893
14.34,10.85,385,644,475,893
14.46,11.75,385,644,475,893
14.58,12.42,385,644,475,893
14.70,11.41,385,644,475,893
14.82,11.75,385,644,475,893
14.94,12.31,385,644,475,893
15.07,12.31,385,644,475,893
15.18,11.19,385,644,475,893
15.30,10.85,385,644,475,893
15.40,11.30,385,644,475,893
15.52,10.97,385,644,475,893
15.63,10.97,385,644,475,893
15.74,9.96,385,644,475,893
15.84,10.97,385,644,475,893
15.94,11.08,385,644,475,893
16.05,9.85,385,644,475,893
16.15,10.30,385,644,475,893
16.24,9.51,385,644,475,893
16.35,9.74,385,644,475,893
16.44,9.62,385,644,475,893
16.53,8.50,385,644,475,893
16.61,7.95,385,644,475,893
16.69,8.17,385,644,475,893
16.77,7.95,385,644,475,893
16.83,5.93,385,644,475,893
16.89,6.49,385,644,475,893
16.95,6.60,385,644,475,893
16.95,6.60,385,644,475,893
17.07,6.04,385,644,475,893
17.07,6.04,385,644,475,893
17.16,4.36,385,644,475,893
17.16,4.36,385,644,475,893
17.25,5.04,385,644,475,893
17.29,4.81,385,644,475,893
17.33,3.92,385,644,475,893
17.33,3.92,385,644,475,893
17.40,3.92,385,644,475,893
17.40,3.92,385,644,475,893
17.43,2.24,385,644,475,893
17.43,2.24,385,644,475,893
17.45,1.68,385,644,475,893
17.44,-1.23,385,644,475,893
17.43,-1.23,385,644,475,893
17.43,-1.23,385,644,475,893
17.39,-1.57,385,644,475,893
17.39,-1.57,385,644,475,893
17.32,-2.69,385,644,475,893
17.32,-2.69,385,644,475,893
17.23,-3.25,385,644,475,893
17.23,-3.25,385,644,475,893
17.13,-5.15,385,644,475,893
17.13,-5.15,0,0,0,0
16.99,-6.71,0,0,0,0
16.99,-6.71,0,0,0,0
16.83,-7.27,0,0,0,0
16.83,-7.27,0,0,0,0
16.60,-12.98,0,0,0,0
16.60,-12.98,0,0,0,0
16.28,-15.67,0,0,0,0
16.28,-15.67,0,0,0,0
15.85,-20.25,0,0,0,0
15.85,-20.25,0,0,0,0
15.33,-28.31,0,0,0,0
15.33,-28.31,0,0,0,0
14.71,-33.35,0,0,0,0
14.71,-33.35,0,0,0,0
14.37,-35.47,0,0,0,0
13.59,-40.29,0,0,0,0
13.59,-40.29,0,0,0,0
13.16,-42.86,0,0,0,0
12.28,-44.87,0,0,0,0
12.28,-44.87,0,0,0,0
11.28,-48.68,0,0,0,0
11.28,-48.68,0,0,0,0
10.78,-51.81,0,0,0,0
9.68,-53.49,0,0,0,0
9.68,-53.49,0,0,0,0
8.58,-56.29,0,0,0,0
8.58,-56.29,0,0,0,0
8.00,-57.41,0,0,0,0
7.43,-57.86,0,0,0,0
6.84,-58.19,0,0,0,0
5.64,-58.19,0,0,0,0
5.64,-58.19,0,0,0,0
4.47,-57.52,0,0,0,0
4.47,-57.52,0,0,0,0
3.91,-57.18,0,0,0,0
2.77,-55.51,0,0,0,0
2.77,-55.51,0,0,0,0
2.19,-53.49,0,0,0,0
1.68,-52.48,0,0,0,0
1.13,-51.48,0,0,0,0
0.14,-49.91,0,0,0,0
0.14,-49.91,0,0,0,0
-0.34,-46.66,0,0,0,0
-1.24,-42.19,0,0,0,0
-1.24,-42.19,0,0,0,0
-1.67,-39.73,0,0,0,0
-2.05,-36.82,0,0,0,0
-2.44,-34.36,0,0,0,0
-3.06,-31.67,0,0,0,0
-3.06,-31.67,0,0,0,0
-3.33,-25.07,0,0,0,0
-3.56,-22.16,0,0,0,0
-3.96,-18.91,0,0,0,0
-3.96,-18.91,0,0,0,0
-4.10,-12.65,0,0,0,0
-4.22,-8.95,0,0,0,0
-4.30,-5.93,0,0,0,0
-4.35,-2.24,0,0,0,0
-4.34,4.25,0,0,0,0
-4.34,4.25,0,0,0,0
-4.21,10.41,0,0,0,0
-4.21,10.41,0,0,0,0
-4.10,12.98,0,0,0,0
-3.95,16.23,0,0,0,0
-3.79,18.58,0,0,0,0
-3.59,21.71,0,0,0,0
-3.37,23.84,0,0,0,0
-3.12,26.30,0,0,0,0
-2.85,28.42,0,0,0,0
-2.55,30.44,0,0,0,0
-2.25,32.01,0,0,0,0
-1.94,33.68,0,0,0,0
-1.60,35.14,0,0,0,0
-1.25,36.26,0,0,0,0
-0.88,37.38,0,0,0,0
-0.50,38.16,0,0,0,0
-0.13,38.83,0,0,0,0
0.27,39.28,0,0,0,0
0.65,39.61,0,0,0,0
1.06,39.84,0,0,0,0
1.44,39.95,0,0,0,0
1.83,39.84,0,0,0,0
2.22,39.39,0,0,0,0
2.61,38.94,0,0,0,0
2.99,38.50,0,0,0,0
3.36,37.60,0,0,0,0
3.75,36.71,0,0,0,0
4.10,35.70,0,0,0,0
4.43,33.91,0,0,0,0
4.76,32.23,0,0,0,0
5.07,31.33,0,0,0,0
5.39,29.77,0,0,0,0
5.67,28.31,0,0,0,0
5.94,26.63,0,0,0,0
6.18,24.73,0,0,0,0
6.41,22.38,0,0,0,0
6.62,20.37,0,0,0,0
6.83,18.35,0,0,0,0
7.00,16.23,0,0,0,0
7.12,13.88,0,0,0,0
7.25,11.53,0,0,0,0
7.36,9.06,0,0,0,0
7.43,6.71,0,0,0,0
7.48,4.25,0,0,0,0
7.50,1.90,0,0,0,0
7.51,-0.56,0,0,0,0
7.48,-2.69,0,0,0,0
7.44,-4.92,0,0,0,0
7.37,-7.05,0,0,0,0
7.29,-8.95,0,0,0,0
7.18,-10.97,0,0,0,0
7.06,-12.76,0,0,0,0
6.91,-14.21,0,0,0,0
6.76,-15.55,0,0,0,0
6.59,-17.12,0,0,0,0
6.42,-18.35,0,0,0,0
6.21,-19.81,0,0,0,0
6.00,-20.81,0,0,0,0
5.79,-21.82,0,0,0,0
5.56,-22.60,0,0,0,0
5.32,-23.61,0,0,0,0
5.08,-24.28,0,0,0,0
4.82,-25.07,0,0,0,0
4.56,-25.51,0,0,0,0
4.30,-25.74,0,0,0,0
4.04,-26.19,0,0,0,0
3.77,-26.41,0,0,0,0
3.48,-26.41,0,0,0,0
3.23,-26.41,0,0,0,0
2.97,-25.96,0,0,0,0
2.70,-25.85,0,0,0,0
2.44,-25.40,0,0,0,0
2.17,-25.07,0,0,0,0
1.93,-24.51,0,0,0,0
1.68,-23.72,0,0,0,0
1.43,-22.94,0,0,0,0
1.20,-22.05,0,0,0,0
0.99,-21.04,0,0,0,0
0.77,-19.92,0,0,0,0
0.56,-18.69,0,0,0,0
0.39,-17.57,0,0,0,0
0.21,-16.23,0,0,0,0
0.04,-14.88,0,0,0,0
-0.10,-13.65,0,0,0,0
-0.23,-12.09,0,0,0,0
-0.36,-10.74,0,0,0,0
-0.46,-9.29,0,0,0,0
-0.55,-7.72,0,0,0,0
-0.63,-6.38,0,0,0,0
-0.69,-4.92,0,0,0,0
-0.74,-3.47,0,0,0,0
-0.77,-2.01,0,0,0,0
-0.79,-0.56,0,0,0,0
-0.79,1.01,0,0,0,0
-0.78,2.46,0,0,0,0
-0.75,3.92,0,0,0,0
-0.72,5.37,0,0,0,0
-0.66,6.71,0,0,0,0
-0.60,7.72,0,0,0,0
-0.52,8.84,0,0,0,0
-0.42,10.07,0,0,0,0
-0.32,10.85,0,0,0,0
-0.22,11.75,0,0,0,0
-0.11,12.42,0,0,0,0
0.02,13.43,0,0,0,0
0.15,14.10,0,0,0,0
0.29,14.55,0,0,0,0
0.43,15.11,0,0,0,0
0.58,15.67,0,0,0,0
0.74,16.11,0,0,0,0
0.89,16.45,0,0,0,0
1.05,16.56,0,0,0,0
1.21,16.79,0,0,0,0
1.37,16.90,0,0,0,0
1.54,16.90,0,0,0,0
1.71,16.90,0,0,0,0
1.87,16.56,0,0,0,0
2.03,16.56,0,0,0,0
2.19,16.23,0,0,0,0
2.34,16.00,0,0,0,0
2.50,15.67,0,0,0,0
2.64,15.11,0,0,0,0
2.79,14.55,0,0,0,0
2.93,13.99,0,0,0,0
3.06,13.20,0,0,0,0
3.18,12.42,0,0,0,0
3.30,11.64,0,0,0,0
3.41,10.85,0,0,0,0
3.50,9.74,0,0,0,0
3.59,8.84,0,0,0,0
3.67,7.83,0,0,0,0
3.74,6.71,0,0,0,0
3.79,5.60,0,0,0,0
3.84,4.48,0,0,0,0
3.88,3.25,0,0,0,0
3.90,2.35,0,0,0,0
3.91,1.12,0,0,0,0
3.91,0.00,0,0,0,0
3.90,-1.12,0,0,0,0
3.88,-2.13,0,0,0,0
3.85,-3.02,0,0,0,0
3.81,-4.03,0,0,0,0
3.76,-4.81,0,0,0,0
3.70,-5.71,0,0,0,0
3.64,-6.49,0,0,0,0
3.56,-6.94,0,0,0,0
3.49,-7.39,0,0,0,0
3.41,-7.95,0,0,0,0
3.32,-8.28,0,0,0,0
3.22,-8.73,0,0,0,0
3.13,-8.95,0,0,0,0
3.03,-9.29,0,0,0,0
2.94,-9.51,0,0,0,0
2.84,-9.96,0,0,0,0
2.73,-9.96,0,0,0,0
2.63,-9.85,0,0,0,0
2.53,-10.07,0,0,0,0
2.42,-10.07,0,0,0,0
2.32,-10.07,0,0,0,0
2.21,-9.96,0,0,0,0
2.11,-9.62,0,0,0,0
2.01,-9.51,0,0,0,0
1.91,-9.06,0,0,0,0
1.81,-8.84,0,0,0,0
1.72,-8.50,0,0,0,0
1.64,-8.06,0,0,0,0
1.55,-7.72,0,0,0,0
1.47,-7.27,0,0,0,0
1.40,-6.60,0,0,0,0
1.33,-6.04,0,0,0,0
1.27,-5.48,0,0,0,0
1.22,-4.81,0,0,0,0
1.17,-4.14,0,0,0,0
1.12,-3.58,0,0,0,0
1.09,-2.80,0,0,0,0
1.05,-2.24,0,0,0,0
1.04,-1.57,0,0,0,0
1.02,-0.78,0,0,0,0
1.01,-0.11,0,0,0,0
1.01,0.56,0,0,0,0
1.01,1.23,0,0,0,0
1.02,1.90,0,0,0,0
1.04,2.57,0,0,0,0
1.06,3.02,0,0,0,0
1.09,3.58,0,0,0,0
1.13,4.14,0,0,0,0
1.17,4.59,0,0,0,0
1.21,4.92,0,0,0,0
1.26,5.37,0,0,0,0
1.31,5.48,0,0,0,0
1.36,5.93,0,0,0,0
1.42,5.93,0,0,0,0
1.47,6.15,0,0,0,0
1.53,6.15,0,0,0,0
1.59,6.38,0,0,0,0
1.65,6.38,0,0,0,0
1.71,6.38,0,0,0,0
1.77,6.49,0,0,0,0
1.84,6.49,0,0,0,0
1.89,6.27,0,0,0,0
1.95,6.15,0,0,0,0
2.01,6.04,0,0,0,0
2.06,5.93,0,0,0,0
2.12,5.60,0,0,0,0
2.17,5.60,0,0,0,0
2.23,5.48,0,0,0,0
2.27,5.04,0,0,0,0
2.32,4.81,0,0,0,0
2.36,4.36,0,0,0,0
2.40,3.92,0,0,0,0
2.43,3.58,0,0,0,0
2.46,3.13,0,0,0,0
2.49,2.69,0,0,0,0
2.51,2.24,0,0,0,0
2.53,1.79,0,0,0,0
2.47,1.34,0,0,0,0
2.42,0.90,0,0,0,0
2.37,0.56,0,0,0,0
2.32,0.00,0,0,0,0
2.28,-0.45,0,0,0,0
2.23,-0.90,0,0,0,0
2.20,-1.23,0,0,0,0
2.18,-1.79,0,0,0,0
2.15,-2.01,0,0,0,0
2.11,-2.46,0,0,0,0
2.08,-2.80,0,0,0,0
2.04,-2.91,0,0,0,0
2.00,-3.13,0,0,0,0
1.96,-3.36,0,0,0,0
1.91,-3.58,0,0,0,0
1.87,-3.47,0,0,0,0
1.83,-3.69,0,0,0,0
1.78,-3.69,0,0,0,0
1.74,-3.58,0,0,0,0
1.69,-3.69,0,0,0,0
1.65,-3.69,0,0,0,0
1.61,-3.47,0,0,0,0
1.57,-3.47,0,0,0,0
1.52,-3.47,0,0,0,0

